[{"title":"Flow","steps":[{"title":"Checkout Page","type":"checkout","meta":{"wcf-flow-id":"496","wcf-step-type":"checkout","_wp_page_template":"cartflows-canvas","wcf-field-google-font-url":"\/\/fonts.googleapis.com\/css?family=Quicksand|Quicksand:500|Quicksand:500","wcf-checkout-layout":"two-column","wcf-input-font-family":"'Quicksand', sans-serif","wcf-input-font-weight":"500","wcf-heading-font-family":"'Quicksand', sans-serif","wcf-heading-font-weight":"500","wcf-base-font-family":"","wcf-advance-options-fields":"yes","wcf-base-font-weight":null,"wcf-button-font-family":"'Quicksand', sans-serif","wcf-button-font-weight":"500","wcf-primary-color":"#75c32c","wcf-heading-color":"#75c32c","wcf-section-bg-color":null,"wcf-hl-bg-color":"#dbefbf","wcf-field-tb-padding":"","wcf-field-lr-padding":"","wcf-fields-skins":"default","wcf-input-field-size":"33px","wcf-field-color":"","wcf-field-bg-color":"","wcf-field-border-color":"","wcf-box-border-color":null,"wcf-field-label-color":"","wcf-submit-tb-padding":"","wcf-submit-lr-padding":"","wcf-input-button-size":"33px","wcf-submit-color":"","wcf-submit-hover-color":"","wcf-submit-bg-color":"#75c32c","wcf-submit-bg-hover-color":"#64a810","wcf-submit-border-color":"#75c32c","wcf-submit-border-hover-color":"#64a810","wcf-active-tab":"wcf-checkout-style","wcf-header-logo-image":"","wcf-header-logo-width":"","wcf-custom-script":""},"post_content":""},{"title":"Thank You Page","type":"thankyou","meta":{"wcf-flow-id":"496","wcf-step-type":"thankyou","_wp_page_template":"cartflows-canvas","wcf-field-google-font-url":"\/\/fonts.googleapis.com\/css?family=Quicksand|Quicksand:500","wcf-active-tab":"wcf-thankyou-design","wcf-tq-text-color":"","wcf-tq-font-family":"'Quicksand', sans-serif","wcf-tq-heading-color":"#75c32c","wcf-tq-heading-font-family":"'Quicksand', sans-serif","wcf-tq-heading-font-wt":"500","wcf-tq-container-width":"","wcf-tq-section-bg-color":"","wcf-tq-advance-options-fields":"no","wcf-show-overview-section":"yes","wcf-show-details-section":"yes","wcf-show-billing-section":"yes","wcf-show-shipping-section":"yes","wcf-custom-script":""},"post_content":""}]}]