[{"title":"Flow","steps":[{"title":"Checkout Page","type":"checkout","meta":{"astra-site-open-in-new-tab":["0"],"wcf-flow-id":["878"],"wcf-step-type":["checkout"],"_edit_lock":["1553087900:12"],"_elementor_edit_mode":["builder"],"_elementor_template_type":["post"],"_elementor_version":["2.5.9"],"_wp_page_template":["cartflows-canvas"],"_astra_content_layout_flag":["disabled"],"ast-title-bar-display":["disabled"],"site-content-layout":["default"],"site-sidebar-layout":["default"],"_elementor_page_settings":["a:12:{s:21:\"background_color_stop\";a:3:{s:4:\"unit\";s:1:\"%\";s:4:\"size\";i:0;s:5:\"sizes\";a:0:{}}s:23:\"background_color_b_stop\";a:3:{s:4:\"unit\";s:1:\"%\";s:4:\"size\";i:100;s:5:\"sizes\";a:0:{}}s:25:\"background_gradient_angle\";a:3:{s:4:\"unit\";s:3:\"deg\";s:4:\"size\";i:180;s:5:\"sizes\";a:0:{}}s:15:\"background_xpos\";a:3:{s:4:\"unit\";s:2:\"px\";s:4:\"size\";i:0;s:5:\"sizes\";a:0:{}}s:22:\"background_xpos_tablet\";a:3:{s:4:\"unit\";s:2:\"px\";s:4:\"size\";i:0;s:5:\"sizes\";a:0:{}}s:22:\"background_xpos_mobile\";a:3:{s:4:\"unit\";s:2:\"px\";s:4:\"size\";i:0;s:5:\"sizes\";a:0:{}}s:15:\"background_ypos\";a:3:{s:4:\"unit\";s:2:\"px\";s:4:\"size\";i:0;s:5:\"sizes\";a:0:{}}s:22:\"background_ypos_tablet\";a:3:{s:4:\"unit\";s:2:\"px\";s:4:\"size\";i:0;s:5:\"sizes\";a:0:{}}s:22:\"background_ypos_mobile\";a:3:{s:4:\"unit\";s:2:\"px\";s:4:\"size\";i:0;s:5:\"sizes\";a:0:{}}s:19:\"background_bg_width\";a:3:{s:4:\"unit\";s:1:\"%\";s:4:\"size\";i:100;s:5:\"sizes\";a:0:{}}s:26:\"background_bg_width_tablet\";a:3:{s:4:\"unit\";s:2:\"px\";s:4:\"size\";s:0:\"\";s:5:\"sizes\";a:0:{}}s:26:\"background_bg_width_mobile\";a:3:{s:4:\"unit\";s:2:\"px\";s:4:\"size\";s:0:\"\";s:5:\"sizes\";a:0:{}}}"],"_elementor_data":["[{\"id\":\"624a1b1\",\"elType\":\"section\",\"settings\":{\"structure\":\"20\",\"margin\":{\"unit\":\"px\",\"top\":\"\",\"right\":0,\"bottom\":\"\",\"left\":0,\"isLinked\":true},\"padding\":{\"unit\":\"px\",\"top\":\"100\",\"right\":\"0\",\"bottom\":\"100\",\"left\":\"0\",\"isLinked\":false},\"margin_tablet\":{\"unit\":\"px\",\"top\":\"0\",\"right\":0,\"bottom\":\"0\",\"left\":0,\"isLinked\":false},\"margin_mobile\":{\"unit\":\"px\",\"top\":\"0\",\"right\":0,\"bottom\":\"0\",\"left\":0,\"isLinked\":false},\"padding_tablet\":{\"unit\":\"px\",\"top\":\"0\",\"right\":\"30\",\"bottom\":\"130\",\"left\":\"30\",\"isLinked\":false},\"padding_mobile\":{\"unit\":\"px\",\"top\":\"30\",\"right\":\"15\",\"bottom\":\"60\",\"left\":\"15\",\"isLinked\":false},\"content_width\":{\"unit\":\"px\",\"size\":\"\",\"sizes\":[]},\"custom_height\":{\"unit\":\"px\",\"size\":400,\"sizes\":[]},\"custom_height_tablet\":{\"unit\":\"px\",\"size\":\"\",\"sizes\":[]},\"custom_height_mobile\":{\"unit\":\"px\",\"size\":\"\",\"sizes\":[]},\"background_background\":\"classic\",\"background_color_stop\":{\"unit\":\"%\",\"size\":0,\"sizes\":[]},\"background_color_b_stop\":{\"unit\":\"%\",\"size\":100,\"sizes\":[]},\"background_gradient_angle\":{\"unit\":\"deg\",\"size\":180,\"sizes\":[]},\"background_xpos\":{\"unit\":\"px\",\"size\":0,\"sizes\":[]},\"background_xpos_tablet\":{\"unit\":\"px\",\"size\":0,\"sizes\":[]},\"background_xpos_mobile\":{\"unit\":\"px\",\"size\":0,\"sizes\":[]},\"background_ypos\":{\"unit\":\"px\",\"size\":0,\"sizes\":[]},\"background_ypos_tablet\":{\"unit\":\"px\",\"size\":0,\"sizes\":[]},\"background_ypos_mobile\":{\"unit\":\"px\",\"size\":0,\"sizes\":[]},\"background_bg_width\":{\"unit\":\"%\",\"size\":100,\"sizes\":[]},\"background_bg_width_tablet\":{\"unit\":\"px\",\"size\":\"\",\"sizes\":[]},\"background_bg_width_mobile\":{\"unit\":\"px\",\"size\":\"\",\"sizes\":[]},\"background_hover_color_stop\":{\"unit\":\"%\",\"size\":0,\"sizes\":[]},\"background_hover_color_b_stop\":{\"unit\":\"%\",\"size\":100,\"sizes\":[]},\"background_hover_gradient_angle\":{\"unit\":\"deg\",\"size\":180,\"sizes\":[]},\"background_hover_xpos\":{\"unit\":\"px\",\"size\":0,\"sizes\":[]},\"background_hover_xpos_tablet\":{\"unit\":\"px\",\"size\":0,\"sizes\":[]},\"background_hover_xpos_mobile\":{\"unit\":\"px\",\"size\":0,\"sizes\":[]},\"background_hover_ypos\":{\"unit\":\"px\",\"size\":0,\"sizes\":[]},\"background_hover_ypos_tablet\":{\"unit\":\"px\",\"size\":0,\"sizes\":[]},\"background_hover_ypos_mobile\":{\"unit\":\"px\",\"size\":0,\"sizes\":[]},\"background_hover_bg_width\":{\"unit\":\"%\",\"size\":100,\"sizes\":[]},\"background_hover_bg_width_tablet\":{\"unit\":\"px\",\"size\":\"\",\"sizes\":[]},\"background_hover_bg_width_mobile\":{\"unit\":\"px\",\"size\":\"\",\"sizes\":[]},\"background_hover_transition\":{\"unit\":\"px\",\"size\":0.3,\"sizes\":[]},\"background_overlay_color_stop\":{\"unit\":\"%\",\"size\":0,\"sizes\":[]},\"background_overlay_color_b_stop\":{\"unit\":\"%\",\"size\":100,\"sizes\":[]},\"background_overlay_gradient_angle\":{\"unit\":\"deg\",\"size\":180,\"sizes\":[]},\"background_overlay_xpos\":{\"unit\":\"px\",\"size\":0,\"sizes\":[]},\"background_overlay_xpos_tablet\":{\"unit\":\"px\",\"size\":0,\"sizes\":[]},\"background_overlay_xpos_mobile\":{\"unit\":\"px\",\"size\":0,\"sizes\":[]},\"background_overlay_ypos\":{\"unit\":\"px\",\"size\":0,\"sizes\":[]},\"background_overlay_ypos_tablet\":{\"unit\":\"px\",\"size\":0,\"sizes\":[]},\"background_overlay_ypos_mobile\":{\"unit\":\"px\",\"size\":0,\"sizes\":[]},\"background_overlay_bg_width\":{\"unit\":\"%\",\"size\":100,\"sizes\":[]},\"background_overlay_bg_width_tablet\":{\"unit\":\"px\",\"size\":\"\",\"sizes\":[]},\"background_overlay_bg_width_mobile\":{\"unit\":\"px\",\"size\":\"\",\"sizes\":[]},\"background_overlay_opacity\":{\"unit\":\"px\",\"size\":0.25,\"sizes\":[]},\"css_filters_blur\":{\"unit\":\"px\",\"size\":0,\"sizes\":[]},\"css_filters_brightness\":{\"unit\":\"px\",\"size\":100,\"sizes\":[]},\"css_filters_contrast\":{\"unit\":\"px\",\"size\":100,\"sizes\":[]},\"css_filters_saturate\":{\"unit\":\"px\",\"size\":100,\"sizes\":[]},\"css_filters_hue\":{\"unit\":\"px\",\"size\":0,\"sizes\":[]},\"background_overlay_hover_color_stop\":{\"unit\":\"%\",\"size\":0,\"sizes\":[]},\"background_overlay_hover_color_b_stop\":{\"unit\":\"%\",\"size\":100,\"sizes\":[]},\"background_overlay_hover_gradient_angle\":{\"unit\":\"deg\",\"size\":180,\"sizes\":[]},\"background_overlay_hover_xpos\":{\"unit\":\"px\",\"size\":0,\"sizes\":[]},\"background_overlay_hover_xpos_tablet\":{\"unit\":\"px\",\"size\":0,\"sizes\":[]},\"background_overlay_hover_xpos_mobile\":{\"unit\":\"px\",\"size\":0,\"sizes\":[]},\"background_overlay_hover_ypos\":{\"unit\":\"px\",\"size\":0,\"sizes\":[]},\"background_overlay_hover_ypos_tablet\":{\"unit\":\"px\",\"size\":0,\"sizes\":[]},\"background_overlay_hover_ypos_mobile\":{\"unit\":\"px\",\"size\":0,\"sizes\":[]},\"background_overlay_hover_bg_width\":{\"unit\":\"%\",\"size\":100,\"sizes\":[]},\"background_overlay_hover_bg_width_tablet\":{\"unit\":\"px\",\"size\":\"\",\"sizes\":[]},\"background_overlay_hover_bg_width_mobile\":{\"unit\":\"px\",\"size\":\"\",\"sizes\":[]},\"background_overlay_hover_opacity\":{\"unit\":\"px\",\"size\":0.5,\"sizes\":[]},\"css_filters_hover_blur\":{\"unit\":\"px\",\"size\":0,\"sizes\":[]},\"css_filters_hover_brightness\":{\"unit\":\"px\",\"size\":100,\"sizes\":[]},\"css_filters_hover_contrast\":{\"unit\":\"px\",\"size\":100,\"sizes\":[]},\"css_filters_hover_saturate\":{\"unit\":\"px\",\"size\":100,\"sizes\":[]},\"css_filters_hover_hue\":{\"unit\":\"px\",\"size\":0,\"sizes\":[]},\"background_overlay_hover_transition\":{\"unit\":\"px\",\"size\":0.3,\"sizes\":[]},\"border_hover_transition\":{\"unit\":\"px\",\"size\":0.3,\"sizes\":[]},\"shape_divider_top_width\":{\"unit\":\"%\",\"size\":\"\",\"sizes\":[]},\"shape_divider_top_width_tablet\":{\"unit\":\"%\",\"size\":\"\",\"sizes\":[]},\"shape_divider_top_width_mobile\":{\"unit\":\"%\",\"size\":\"\",\"sizes\":[]},\"shape_divider_top_height\":{\"unit\":\"px\",\"size\":\"\",\"sizes\":[]},\"shape_divider_top_height_tablet\":{\"unit\":\"px\",\"size\":\"\",\"sizes\":[]},\"shape_divider_top_height_mobile\":{\"unit\":\"px\",\"size\":\"\",\"sizes\":[]},\"shape_divider_bottom_width\":{\"unit\":\"%\",\"size\":\"\",\"sizes\":[]},\"shape_divider_bottom_width_tablet\":{\"unit\":\"%\",\"size\":\"\",\"sizes\":[]},\"shape_divider_bottom_width_mobile\":{\"unit\":\"%\",\"size\":\"\",\"sizes\":[]},\"shape_divider_bottom_height\":{\"unit\":\"px\",\"size\":\"\",\"sizes\":[]},\"shape_divider_bottom_height_tablet\":{\"unit\":\"px\",\"size\":\"\",\"sizes\":[]},\"shape_divider_bottom_height_mobile\":{\"unit\":\"px\",\"size\":\"\",\"sizes\":[]},\"gap\":\"no\",\"background_image\":{\"url\":\"https:\\\/\\\/websitedemos.net\\\/brandstore-02\\\/wp-content\\\/uploads\\\/sites\\\/150\\\/2018\\\/12\\\/testimonials-free-img-4.jpg\",\"id\":724},\"background_position\":\"center center\",\"background_attachment\":\"fixed\",\"background_repeat\":\"no-repeat\",\"background_size\":\"cover\",\"background_overlay_background\":\"classic\",\"background_overlay_color\":\"#001d35\",\"reverse_order_tablet\":\"reverse-tablet\",\"reverse_order_mobile\":\"reverse-mobile\"},\"elements\":[{\"id\":\"450a82a\",\"elType\":\"column\",\"settings\":{\"_column_size\":50,\"_inline_size\":65,\"background_background\":\"classic\",\"background_color\":\"#f9f9f9\",\"padding\":{\"unit\":\"px\",\"top\":\"30\",\"right\":\"40\",\"bottom\":\"50\",\"left\":\"40\",\"isLinked\":false},\"border_radius\":{\"unit\":\"px\",\"top\":\"10\",\"right\":\"10\",\"bottom\":\"10\",\"left\":\"10\",\"isLinked\":true},\"_inline_size_tablet\":100,\"margin_tablet\":{\"unit\":\"px\",\"top\":\"0\",\"right\":\"0\",\"bottom\":\"0\",\"left\":\"0\",\"isLinked\":false},\"margin_mobile\":{\"unit\":\"px\",\"top\":\"40\",\"right\":\"0\",\"bottom\":\"0\",\"left\":\"0\",\"isLinked\":false},\"padding_tablet\":{\"unit\":\"px\",\"top\":\"20\",\"right\":\"20\",\"bottom\":\"20\",\"left\":\"20\",\"isLinked\":true},\"padding_mobile\":{\"unit\":\"px\",\"top\":\"15\",\"right\":\"15\",\"bottom\":\"15\",\"left\":\"15\",\"isLinked\":true},\"background_color_stop\":{\"unit\":\"%\",\"size\":0,\"sizes\":[]},\"background_color_b_stop\":{\"unit\":\"%\",\"size\":100,\"sizes\":[]},\"background_gradient_angle\":{\"unit\":\"deg\",\"size\":180,\"sizes\":[]},\"background_xpos\":{\"unit\":\"px\",\"size\":0,\"sizes\":[]},\"background_xpos_tablet\":{\"unit\":\"px\",\"size\":0,\"sizes\":[]},\"background_xpos_mobile\":{\"unit\":\"px\",\"size\":0,\"sizes\":[]},\"background_ypos\":{\"unit\":\"px\",\"size\":0,\"sizes\":[]},\"background_ypos_tablet\":{\"unit\":\"px\",\"size\":0,\"sizes\":[]},\"background_ypos_mobile\":{\"unit\":\"px\",\"size\":0,\"sizes\":[]},\"background_bg_width\":{\"unit\":\"%\",\"size\":100,\"sizes\":[]},\"background_bg_width_tablet\":{\"unit\":\"px\",\"size\":\"\",\"sizes\":[]},\"background_bg_width_mobile\":{\"unit\":\"px\",\"size\":\"\",\"sizes\":[]},\"background_hover_color_stop\":{\"unit\":\"%\",\"size\":0,\"sizes\":[]},\"background_hover_color_b_stop\":{\"unit\":\"%\",\"size\":100,\"sizes\":[]},\"background_hover_gradient_angle\":{\"unit\":\"deg\",\"size\":180,\"sizes\":[]},\"background_hover_xpos\":{\"unit\":\"px\",\"size\":0,\"sizes\":[]},\"background_hover_xpos_tablet\":{\"unit\":\"px\",\"size\":0,\"sizes\":[]},\"background_hover_xpos_mobile\":{\"unit\":\"px\",\"size\":0,\"sizes\":[]},\"background_hover_ypos\":{\"unit\":\"px\",\"size\":0,\"sizes\":[]},\"background_hover_ypos_tablet\":{\"unit\":\"px\",\"size\":0,\"sizes\":[]},\"background_hover_ypos_mobile\":{\"unit\":\"px\",\"size\":0,\"sizes\":[]},\"background_hover_bg_width\":{\"unit\":\"%\",\"size\":100,\"sizes\":[]},\"background_hover_bg_width_tablet\":{\"unit\":\"px\",\"size\":\"\",\"sizes\":[]},\"background_hover_bg_width_mobile\":{\"unit\":\"px\",\"size\":\"\",\"sizes\":[]},\"background_hover_transition\":{\"unit\":\"px\",\"size\":0.3,\"sizes\":[]},\"background_overlay_color_stop\":{\"unit\":\"%\",\"size\":0,\"sizes\":[]},\"background_overlay_color_b_stop\":{\"unit\":\"%\",\"size\":100,\"sizes\":[]},\"background_overlay_gradient_angle\":{\"unit\":\"deg\",\"size\":180,\"sizes\":[]},\"background_overlay_xpos\":{\"unit\":\"px\",\"size\":0,\"sizes\":[]},\"background_overlay_xpos_tablet\":{\"unit\":\"px\",\"size\":0,\"sizes\":[]},\"background_overlay_xpos_mobile\":{\"unit\":\"px\",\"size\":0,\"sizes\":[]},\"background_overlay_ypos\":{\"unit\":\"px\",\"size\":0,\"sizes\":[]},\"background_overlay_ypos_tablet\":{\"unit\":\"px\",\"size\":0,\"sizes\":[]},\"background_overlay_ypos_mobile\":{\"unit\":\"px\",\"size\":0,\"sizes\":[]},\"background_overlay_bg_width\":{\"unit\":\"%\",\"size\":100,\"sizes\":[]},\"background_overlay_bg_width_tablet\":{\"unit\":\"px\",\"size\":\"\",\"sizes\":[]},\"background_overlay_bg_width_mobile\":{\"unit\":\"px\",\"size\":\"\",\"sizes\":[]},\"background_overlay_opacity\":{\"unit\":\"px\",\"size\":0.5,\"sizes\":[]},\"css_filters_blur\":{\"unit\":\"px\",\"size\":0,\"sizes\":[]},\"css_filters_brightness\":{\"unit\":\"px\",\"size\":100,\"sizes\":[]},\"css_filters_contrast\":{\"unit\":\"px\",\"size\":100,\"sizes\":[]},\"css_filters_saturate\":{\"unit\":\"px\",\"size\":100,\"sizes\":[]},\"css_filters_hue\":{\"unit\":\"px\",\"size\":0,\"sizes\":[]},\"background_overlay_hover_color_stop\":{\"unit\":\"%\",\"size\":0,\"sizes\":[]},\"background_overlay_hover_color_b_stop\":{\"unit\":\"%\",\"size\":100,\"sizes\":[]},\"background_overlay_hover_gradient_angle\":{\"unit\":\"deg\",\"size\":180,\"sizes\":[]},\"background_overlay_hover_xpos\":{\"unit\":\"px\",\"size\":0,\"sizes\":[]},\"background_overlay_hover_xpos_tablet\":{\"unit\":\"px\",\"size\":0,\"sizes\":[]},\"background_overlay_hover_xpos_mobile\":{\"unit\":\"px\",\"size\":0,\"sizes\":[]},\"background_overlay_hover_ypos\":{\"unit\":\"px\",\"size\":0,\"sizes\":[]},\"background_overlay_hover_ypos_tablet\":{\"unit\":\"px\",\"size\":0,\"sizes\":[]},\"background_overlay_hover_ypos_mobile\":{\"unit\":\"px\",\"size\":0,\"sizes\":[]},\"background_overlay_hover_bg_width\":{\"unit\":\"%\",\"size\":100,\"sizes\":[]},\"background_overlay_hover_bg_width_tablet\":{\"unit\":\"px\",\"size\":\"\",\"sizes\":[]},\"background_overlay_hover_bg_width_mobile\":{\"unit\":\"px\",\"size\":\"\",\"sizes\":[]},\"background_overlay_hover_opacity\":{\"unit\":\"px\",\"size\":0.5,\"sizes\":[]},\"css_filters_hover_blur\":{\"unit\":\"px\",\"size\":0,\"sizes\":[]},\"css_filters_hover_brightness\":{\"unit\":\"px\",\"size\":100,\"sizes\":[]},\"css_filters_hover_contrast\":{\"unit\":\"px\",\"size\":100,\"sizes\":[]},\"css_filters_hover_saturate\":{\"unit\":\"px\",\"size\":100,\"sizes\":[]},\"css_filters_hover_hue\":{\"unit\":\"px\",\"size\":0,\"sizes\":[]},\"background_overlay_hover_transition\":{\"unit\":\"px\",\"size\":0.3,\"sizes\":[]},\"border_hover_transition\":{\"unit\":\"px\",\"size\":0.3,\"sizes\":[]},\"margin\":{\"unit\":\"px\",\"top\":\"15\",\"right\":\"15\",\"bottom\":\"15\",\"left\":\"15\",\"isLinked\":true}},\"elements\":[{\"id\":\"4eb2b4d\",\"elType\":\"widget\",\"settings\":{\"shortcode\":\"[cartflows_checkout]\",\"_background_color_stop\":{\"unit\":\"%\",\"size\":0,\"sizes\":[]},\"_background_color_b_stop\":{\"unit\":\"%\",\"size\":100,\"sizes\":[]},\"_background_gradient_angle\":{\"unit\":\"deg\",\"size\":180,\"sizes\":[]},\"_background_xpos\":{\"unit\":\"px\",\"size\":0,\"sizes\":[]},\"_background_xpos_tablet\":{\"unit\":\"px\",\"size\":0,\"sizes\":[]},\"_background_xpos_mobile\":{\"unit\":\"px\",\"size\":0,\"sizes\":[]},\"_background_ypos\":{\"unit\":\"px\",\"size\":0,\"sizes\":[]},\"_background_ypos_tablet\":{\"unit\":\"px\",\"size\":0,\"sizes\":[]},\"_background_ypos_mobile\":{\"unit\":\"px\",\"size\":0,\"sizes\":[]},\"_background_bg_width\":{\"unit\":\"%\",\"size\":100,\"sizes\":[]},\"_background_bg_width_tablet\":{\"unit\":\"px\",\"size\":\"\",\"sizes\":[]},\"_background_bg_width_mobile\":{\"unit\":\"px\",\"size\":\"\",\"sizes\":[]},\"_background_hover_color_stop\":{\"unit\":\"%\",\"size\":0,\"sizes\":[]},\"_background_hover_color_b_stop\":{\"unit\":\"%\",\"size\":100,\"sizes\":[]},\"_background_hover_gradient_angle\":{\"unit\":\"deg\",\"size\":180,\"sizes\":[]},\"_background_hover_xpos\":{\"unit\":\"px\",\"size\":0,\"sizes\":[]},\"_background_hover_xpos_tablet\":{\"unit\":\"px\",\"size\":0,\"sizes\":[]},\"_background_hover_xpos_mobile\":{\"unit\":\"px\",\"size\":0,\"sizes\":[]},\"_background_hover_ypos\":{\"unit\":\"px\",\"size\":0,\"sizes\":[]},\"_background_hover_ypos_tablet\":{\"unit\":\"px\",\"size\":0,\"sizes\":[]},\"_background_hover_ypos_mobile\":{\"unit\":\"px\",\"size\":0,\"sizes\":[]},\"_background_hover_bg_width\":{\"unit\":\"%\",\"size\":100,\"sizes\":[]},\"_background_hover_bg_width_tablet\":{\"unit\":\"px\",\"size\":\"\",\"sizes\":[]},\"_background_hover_bg_width_mobile\":{\"unit\":\"px\",\"size\":\"\",\"sizes\":[]},\"_background_hover_transition\":{\"unit\":\"px\",\"size\":\"\",\"sizes\":[]},\"_border_hover_transition\":{\"unit\":\"px\",\"size\":\"\",\"sizes\":[]},\"_element_custom_width\":{\"unit\":\"px\",\"size\":\"\",\"sizes\":[]},\"_element_custom_width_tablet\":{\"unit\":\"px\",\"size\":\"\",\"sizes\":[]},\"_element_custom_width_mobile\":{\"unit\":\"px\",\"size\":\"\",\"sizes\":[]},\"_offset_x\":{\"unit\":\"px\",\"size\":\"0\",\"sizes\":[]},\"_offset_x_tablet\":{\"unit\":\"px\",\"size\":\"\",\"sizes\":[]},\"_offset_x_mobile\":{\"unit\":\"px\",\"size\":\"\",\"sizes\":[]},\"_offset_x_end\":{\"unit\":\"px\",\"size\":\"0\",\"sizes\":[]},\"_offset_x_end_tablet\":{\"unit\":\"px\",\"size\":\"\",\"sizes\":[]},\"_offset_x_end_mobile\":{\"unit\":\"px\",\"size\":\"\",\"sizes\":[]},\"_offset_y\":{\"unit\":\"px\",\"size\":\"0\",\"sizes\":[]},\"_offset_y_tablet\":{\"unit\":\"px\",\"size\":\"\",\"sizes\":[]},\"_offset_y_mobile\":{\"unit\":\"px\",\"size\":\"\",\"sizes\":[]},\"_offset_y_end\":{\"unit\":\"px\",\"size\":\"0\",\"sizes\":[]},\"_offset_y_end_tablet\":{\"unit\":\"px\",\"size\":\"\",\"sizes\":[]},\"_offset_y_end_mobile\":{\"unit\":\"px\",\"size\":\"\",\"sizes\":[]}},\"elements\":[],\"widgetType\":\"shortcode\"}],\"isInner\":false},{\"id\":\"6250a2d\",\"elType\":\"column\",\"settings\":{\"_column_size\":50,\"_inline_size\":35,\"background_background\":\"classic\",\"border_radius\":{\"unit\":\"px\",\"top\":\"10\",\"right\":\"10\",\"bottom\":\"10\",\"left\":\"10\",\"isLinked\":true},\"padding\":{\"unit\":\"px\",\"top\":\"30\",\"right\":\"30\",\"bottom\":\"30\",\"left\":\"30\",\"isLinked\":true},\"_inline_size_tablet\":100,\"margin_mobile\":{\"unit\":\"px\",\"top\":\"0\",\"right\":\"0\",\"bottom\":\"0\",\"left\":\"0\",\"isLinked\":true},\"padding_tablet\":{\"unit\":\"px\",\"top\":\"70\",\"right\":\"70\",\"bottom\":\"70\",\"left\":\"70\",\"isLinked\":true},\"padding_mobile\":{\"unit\":\"px\",\"top\":\"10\",\"right\":\"10\",\"bottom\":\"10\",\"left\":\"10\",\"isLinked\":true},\"background_color_stop\":{\"unit\":\"%\",\"size\":0,\"sizes\":[]},\"background_color_b_stop\":{\"unit\":\"%\",\"size\":100,\"sizes\":[]},\"background_gradient_angle\":{\"unit\":\"deg\",\"size\":180,\"sizes\":[]},\"background_xpos\":{\"unit\":\"px\",\"size\":0,\"sizes\":[]},\"background_xpos_tablet\":{\"unit\":\"px\",\"size\":0,\"sizes\":[]},\"background_xpos_mobile\":{\"unit\":\"px\",\"size\":0,\"sizes\":[]},\"background_ypos\":{\"unit\":\"px\",\"size\":0,\"sizes\":[]},\"background_ypos_tablet\":{\"unit\":\"px\",\"size\":0,\"sizes\":[]},\"background_ypos_mobile\":{\"unit\":\"px\",\"size\":0,\"sizes\":[]},\"background_bg_width\":{\"unit\":\"%\",\"size\":100,\"sizes\":[]},\"background_bg_width_tablet\":{\"unit\":\"px\",\"size\":\"\",\"sizes\":[]},\"background_bg_width_mobile\":{\"unit\":\"px\",\"size\":\"\",\"sizes\":[]},\"background_hover_color_stop\":{\"unit\":\"%\",\"size\":0,\"sizes\":[]},\"background_hover_color_b_stop\":{\"unit\":\"%\",\"size\":100,\"sizes\":[]},\"background_hover_gradient_angle\":{\"unit\":\"deg\",\"size\":180,\"sizes\":[]},\"background_hover_xpos\":{\"unit\":\"px\",\"size\":0,\"sizes\":[]},\"background_hover_xpos_tablet\":{\"unit\":\"px\",\"size\":0,\"sizes\":[]},\"background_hover_xpos_mobile\":{\"unit\":\"px\",\"size\":0,\"sizes\":[]},\"background_hover_ypos\":{\"unit\":\"px\",\"size\":0,\"sizes\":[]},\"background_hover_ypos_tablet\":{\"unit\":\"px\",\"size\":0,\"sizes\":[]},\"background_hover_ypos_mobile\":{\"unit\":\"px\",\"size\":0,\"sizes\":[]},\"background_hover_bg_width\":{\"unit\":\"%\",\"size\":100,\"sizes\":[]},\"background_hover_bg_width_tablet\":{\"unit\":\"px\",\"size\":\"\",\"sizes\":[]},\"background_hover_bg_width_mobile\":{\"unit\":\"px\",\"size\":\"\",\"sizes\":[]},\"background_hover_transition\":{\"unit\":\"px\",\"size\":0.3,\"sizes\":[]},\"background_overlay_color_stop\":{\"unit\":\"%\",\"size\":0,\"sizes\":[]},\"background_overlay_color_b_stop\":{\"unit\":\"%\",\"size\":100,\"sizes\":[]},\"background_overlay_gradient_angle\":{\"unit\":\"deg\",\"size\":180,\"sizes\":[]},\"background_overlay_xpos\":{\"unit\":\"px\",\"size\":0,\"sizes\":[]},\"background_overlay_xpos_tablet\":{\"unit\":\"px\",\"size\":0,\"sizes\":[]},\"background_overlay_xpos_mobile\":{\"unit\":\"px\",\"size\":0,\"sizes\":[]},\"background_overlay_ypos\":{\"unit\":\"px\",\"size\":0,\"sizes\":[]},\"background_overlay_ypos_tablet\":{\"unit\":\"px\",\"size\":0,\"sizes\":[]},\"background_overlay_ypos_mobile\":{\"unit\":\"px\",\"size\":0,\"sizes\":[]},\"background_overlay_bg_width\":{\"unit\":\"%\",\"size\":100,\"sizes\":[]},\"background_overlay_bg_width_tablet\":{\"unit\":\"px\",\"size\":\"\",\"sizes\":[]},\"background_overlay_bg_width_mobile\":{\"unit\":\"px\",\"size\":\"\",\"sizes\":[]},\"background_overlay_opacity\":{\"unit\":\"px\",\"size\":0.5,\"sizes\":[]},\"css_filters_blur\":{\"unit\":\"px\",\"size\":0,\"sizes\":[]},\"css_filters_brightness\":{\"unit\":\"px\",\"size\":100,\"sizes\":[]},\"css_filters_contrast\":{\"unit\":\"px\",\"size\":100,\"sizes\":[]},\"css_filters_saturate\":{\"unit\":\"px\",\"size\":100,\"sizes\":[]},\"css_filters_hue\":{\"unit\":\"px\",\"size\":0,\"sizes\":[]},\"background_overlay_hover_color_stop\":{\"unit\":\"%\",\"size\":0,\"sizes\":[]},\"background_overlay_hover_color_b_stop\":{\"unit\":\"%\",\"size\":100,\"sizes\":[]},\"background_overlay_hover_gradient_angle\":{\"unit\":\"deg\",\"size\":180,\"sizes\":[]},\"background_overlay_hover_xpos\":{\"unit\":\"px\",\"size\":0,\"sizes\":[]},\"background_overlay_hover_xpos_tablet\":{\"unit\":\"px\",\"size\":0,\"sizes\":[]},\"background_overlay_hover_xpos_mobile\":{\"unit\":\"px\",\"size\":0,\"sizes\":[]},\"background_overlay_hover_ypos\":{\"unit\":\"px\",\"size\":0,\"sizes\":[]},\"background_overlay_hover_ypos_tablet\":{\"unit\":\"px\",\"size\":0,\"sizes\":[]},\"background_overlay_hover_ypos_mobile\":{\"unit\":\"px\",\"size\":0,\"sizes\":[]},\"background_overlay_hover_bg_width\":{\"unit\":\"%\",\"size\":100,\"sizes\":[]},\"background_overlay_hover_bg_width_tablet\":{\"unit\":\"px\",\"size\":\"\",\"sizes\":[]},\"background_overlay_hover_bg_width_mobile\":{\"unit\":\"px\",\"size\":\"\",\"sizes\":[]},\"background_overlay_hover_opacity\":{\"unit\":\"px\",\"size\":0.5,\"sizes\":[]},\"css_filters_hover_blur\":{\"unit\":\"px\",\"size\":0,\"sizes\":[]},\"css_filters_hover_brightness\":{\"unit\":\"px\",\"size\":100,\"sizes\":[]},\"css_filters_hover_contrast\":{\"unit\":\"px\",\"size\":100,\"sizes\":[]},\"css_filters_hover_saturate\":{\"unit\":\"px\",\"size\":100,\"sizes\":[]},\"css_filters_hover_hue\":{\"unit\":\"px\",\"size\":0,\"sizes\":[]},\"background_overlay_hover_transition\":{\"unit\":\"px\",\"size\":0.3,\"sizes\":[]},\"border_hover_transition\":{\"unit\":\"px\",\"size\":0.3,\"sizes\":[]},\"margin\":{\"unit\":\"px\",\"top\":\"15\",\"right\":\"15\",\"bottom\":\"15\",\"left\":\"15\",\"isLinked\":true}},\"elements\":[{\"id\":\"dfd0e1e\",\"elType\":\"widget\",\"settings\":{\"image\":{\"id\":323,\"url\":\"https:\\\/\\\/websitedemos.net\\\/jewellery-04\\\/wp-content\\\/uploads\\\/sites\\\/188\\\/2019\\\/03\\\/30-Day-Guarantee-1.png\"},\"title_text\":\"30 Days Full refund policy.\u003Cbr\\\/\u003E100% Money Back. No-Risk.\\u200b\",\"description_text\":\"Click edit button to change this text. Lorem ipsum dolor sit amet, consectetur adipiscing elit.\",\"image_space\":{\"unit\":\"px\",\"size\":8},\"image_size\":{\"unit\":\"%\",\"size\":26},\"text_align\":\"center\",\"title_bottom_space\":{\"unit\":\"px\",\"size\":9},\"title_color\":\"#ffffff\",\"title_typography_font_family\":\"Lato\",\"title_typography_font_size\":{\"unit\":\"px\",\"size\":18},\"title_typography_font_weight\":\"bold\",\"description_color\":\"#ffffff\",\"description_typography_font_family\":\"Lato\",\"description_typography_font_size\":{\"unit\":\"px\",\"size\":14},\"description_typography_line_height\":{\"unit\":\"em\",\"size\":1.7},\"css_filters_brightness\":{\"unit\":\"px\",\"size\":107},\"css_filters_contrast\":{\"unit\":\"px\",\"size\":81},\"css_filters_saturate\":{\"unit\":\"px\",\"size\":200},\"css_filters_hue\":{\"unit\":\"px\",\"size\":14},\"title_typography_text_transform\":\"capitalize\",\"title_typography_line_height\":{\"unit\":\"em\",\"size\":1.4},\"image_size_tablet\":{\"unit\":\"%\",\"size\":20},\"image_size_mobile\":{\"unit\":\"%\",\"size\":30},\"text_align_tablet\":\"center\",\"text_align_mobile\":\"center\",\"title_typography_font_size_mobile\":{\"unit\":\"px\",\"size\":20},\"description_typography_line_height_mobile\":{\"unit\":\"em\",\"size\":1.6},\"_padding_tablet\":{\"unit\":\"px\",\"top\":\"0\",\"right\":\"20\",\"bottom\":\"0\",\"left\":\"20\",\"isLinked\":false},\"image_space_tablet\":{\"unit\":\"px\",\"size\":\"\",\"sizes\":[]},\"image_space_mobile\":{\"unit\":\"px\",\"size\":\"\",\"sizes\":[]},\"css_filters_blur\":{\"unit\":\"px\",\"size\":0,\"sizes\":[]},\"image_opacity\":{\"unit\":\"px\",\"size\":\"\",\"sizes\":[]},\"background_hover_transition\":{\"unit\":\"px\",\"size\":0.3,\"sizes\":[]},\"css_filters_hover_blur\":{\"unit\":\"px\",\"size\":0,\"sizes\":[]},\"css_filters_hover_brightness\":{\"unit\":\"px\",\"size\":100,\"sizes\":[]},\"css_filters_hover_contrast\":{\"unit\":\"px\",\"size\":100,\"sizes\":[]},\"css_filters_hover_saturate\":{\"unit\":\"px\",\"size\":100,\"sizes\":[]},\"css_filters_hover_hue\":{\"unit\":\"px\",\"size\":0,\"sizes\":[]},\"image_opacity_hover\":{\"unit\":\"px\",\"size\":\"\",\"sizes\":[]},\"title_bottom_space_tablet\":{\"unit\":\"px\",\"size\":\"\",\"sizes\":[]},\"title_bottom_space_mobile\":{\"unit\":\"px\",\"size\":\"\",\"sizes\":[]},\"title_typography_font_size_tablet\":{\"unit\":\"px\",\"size\":\"\",\"sizes\":[]},\"title_typography_line_height_tablet\":{\"unit\":\"em\",\"size\":\"\",\"sizes\":[]},\"title_typography_line_height_mobile\":{\"unit\":\"em\",\"size\":\"\",\"sizes\":[]},\"title_typography_letter_spacing\":{\"unit\":\"px\",\"size\":\"\",\"sizes\":[]},\"title_typography_letter_spacing_tablet\":{\"unit\":\"px\",\"size\":\"\",\"sizes\":[]},\"title_typography_letter_spacing_mobile\":{\"unit\":\"px\",\"size\":\"\",\"sizes\":[]},\"description_typography_font_size_tablet\":{\"unit\":\"px\",\"size\":\"\",\"sizes\":[]},\"description_typography_font_size_mobile\":{\"unit\":\"px\",\"size\":\"\",\"sizes\":[]},\"description_typography_line_height_tablet\":{\"unit\":\"em\",\"size\":\"\",\"sizes\":[]},\"description_typography_letter_spacing\":{\"unit\":\"px\",\"size\":\"\",\"sizes\":[]},\"description_typography_letter_spacing_tablet\":{\"unit\":\"px\",\"size\":\"\",\"sizes\":[]},\"description_typography_letter_spacing_mobile\":{\"unit\":\"px\",\"size\":\"\",\"sizes\":[]},\"_background_color_stop\":{\"unit\":\"%\",\"size\":0,\"sizes\":[]},\"_background_color_b_stop\":{\"unit\":\"%\",\"size\":100,\"sizes\":[]},\"_background_gradient_angle\":{\"unit\":\"deg\",\"size\":180,\"sizes\":[]},\"_background_xpos\":{\"unit\":\"px\",\"size\":0,\"sizes\":[]},\"_background_xpos_tablet\":{\"unit\":\"px\",\"size\":0,\"sizes\":[]},\"_background_xpos_mobile\":{\"unit\":\"px\",\"size\":0,\"sizes\":[]},\"_background_ypos\":{\"unit\":\"px\",\"size\":0,\"sizes\":[]},\"_background_ypos_tablet\":{\"unit\":\"px\",\"size\":0,\"sizes\":[]},\"_background_ypos_mobile\":{\"unit\":\"px\",\"size\":0,\"sizes\":[]},\"_background_bg_width\":{\"unit\":\"%\",\"size\":100,\"sizes\":[]},\"_background_bg_width_tablet\":{\"unit\":\"px\",\"size\":\"\",\"sizes\":[]},\"_background_bg_width_mobile\":{\"unit\":\"px\",\"size\":\"\",\"sizes\":[]},\"_background_hover_color_stop\":{\"unit\":\"%\",\"size\":0,\"sizes\":[]},\"_background_hover_color_b_stop\":{\"unit\":\"%\",\"size\":100,\"sizes\":[]},\"_background_hover_gradient_angle\":{\"unit\":\"deg\",\"size\":180,\"sizes\":[]},\"_background_hover_xpos\":{\"unit\":\"px\",\"size\":0,\"sizes\":[]},\"_background_hover_xpos_tablet\":{\"unit\":\"px\",\"size\":0,\"sizes\":[]},\"_background_hover_xpos_mobile\":{\"unit\":\"px\",\"size\":0,\"sizes\":[]},\"_background_hover_ypos\":{\"unit\":\"px\",\"size\":0,\"sizes\":[]},\"_background_hover_ypos_tablet\":{\"unit\":\"px\",\"size\":0,\"sizes\":[]},\"_background_hover_ypos_mobile\":{\"unit\":\"px\",\"size\":0,\"sizes\":[]},\"_background_hover_bg_width\":{\"unit\":\"%\",\"size\":100,\"sizes\":[]},\"_background_hover_bg_width_tablet\":{\"unit\":\"px\",\"size\":\"\",\"sizes\":[]},\"_background_hover_bg_width_mobile\":{\"unit\":\"px\",\"size\":\"\",\"sizes\":[]},\"_background_hover_transition\":{\"unit\":\"px\",\"size\":\"\",\"sizes\":[]},\"_border_hover_transition\":{\"unit\":\"px\",\"size\":\"\",\"sizes\":[]},\"_element_custom_width\":{\"unit\":\"px\",\"size\":\"\",\"sizes\":[]},\"_element_custom_width_tablet\":{\"unit\":\"px\",\"size\":\"\",\"sizes\":[]},\"_element_custom_width_mobile\":{\"unit\":\"px\",\"size\":\"\",\"sizes\":[]},\"_offset_x\":{\"unit\":\"px\",\"size\":\"0\",\"sizes\":[]},\"_offset_x_tablet\":{\"unit\":\"px\",\"size\":\"\",\"sizes\":[]},\"_offset_x_mobile\":{\"unit\":\"px\",\"size\":\"\",\"sizes\":[]},\"_offset_x_end\":{\"unit\":\"px\",\"size\":\"0\",\"sizes\":[]},\"_offset_x_end_tablet\":{\"unit\":\"px\",\"size\":\"\",\"sizes\":[]},\"_offset_x_end_mobile\":{\"unit\":\"px\",\"size\":\"\",\"sizes\":[]},\"_offset_y\":{\"unit\":\"px\",\"size\":\"0\",\"sizes\":[]},\"_offset_y_tablet\":{\"unit\":\"px\",\"size\":\"\",\"sizes\":[]},\"_offset_y_mobile\":{\"unit\":\"px\",\"size\":\"\",\"sizes\":[]},\"_offset_y_end\":{\"unit\":\"px\",\"size\":\"0\",\"sizes\":[]},\"_offset_y_end_tablet\":{\"unit\":\"px\",\"size\":\"\",\"sizes\":[]},\"_offset_y_end_mobile\":{\"unit\":\"px\",\"size\":\"\",\"sizes\":[]},\"description_typography_typography\":\"custom\",\"title_typography_typography\":\"custom\",\"_margin\":{\"unit\":\"px\",\"top\":\"0\",\"right\":\"0\",\"bottom\":\"0\",\"left\":\"0\",\"isLinked\":false},\"_padding\":{\"unit\":\"px\",\"top\":\"0\",\"right\":\"0\",\"bottom\":\"0\",\"left\":\"0\",\"isLinked\":false},\"_padding_mobile\":{\"unit\":\"px\",\"top\":\"0\",\"right\":\"0\",\"bottom\":\"0\",\"left\":\"0\",\"isLinked\":false}},\"elements\":[],\"widgetType\":\"image-box\"}],\"isInner\":false}],\"isInner\":false}]"],"_edit_last":["12"],"_yoast_wpseo_content_score":["30"],"wcf-field-google-font-url":["\/\/fonts.googleapis.com\/css?family=Lato|Lato:700|Lato:400|Lato:700"],"wcf-checkout-layout":["two-column"],"wcf-input-font-family":["'Lato', sans-serif"],"wcf-input-font-weight":["400"],"wcf-heading-font-family":["'Lato', sans-serif"],"wcf-heading-font-weight":["700"],"wcf-base-font-family":["'Lato', sans-serif"],"wcf-advance-options-fields":["yes"],"wcf-base-font-weight":[null],"wcf-button-font-family":["'Lato', sans-serif"],"wcf-button-font-weight":["700"],"wcf-primary-color":[""],"wcf-heading-color":["#64a0d1"],"wcf-section-bg-color":[null],"wcf-hl-bg-color":[""],"wcf-field-tb-padding":[""],"wcf-field-lr-padding":[""],"wcf-fields-skins":["default"],"wcf-input-field-size":["33px"],"wcf-field-color":[""],"wcf-field-bg-color":[""],"wcf-field-border-color":[""],"wcf-box-border-color":[null],"wcf-field-label-color":[""],"wcf-submit-tb-padding":[""],"wcf-submit-lr-padding":[""],"wcf-input-button-size":["33px"],"wcf-submit-color":[""],"wcf-submit-hover-color":[""],"wcf-submit-bg-color":["#64a0d1"],"wcf-submit-bg-hover-color":["#498cbc"],"wcf-submit-border-color":["#64a0d1"],"wcf-submit-border-hover-color":["#498cbc"],"wcf-active-tab":["wcf-checkout-style"],"wcf-header-logo-image":[""],"wcf-header-logo-width":[""],"wcf-custom-script":[""],"theme-transparent-header-meta":["default"],"_elementor_controls_usage":["a:4:{s:9:\"shortcode\";a:3:{s:5:\"count\";i:1;s:15:\"control_percent\";i:1;s:8:\"controls\";a:1:{s:7:\"content\";a:1:{s:17:\"section_shortcode\";a:1:{s:9:\"shortcode\";i:1;}}}}s:6:\"column\";a:3:{s:5:\"count\";i:2;s:15:\"control_percent\";i:3;s:8:\"controls\";a:3:{s:6:\"layout\";a:1:{s:6:\"layout\";a:2:{s:12:\"_inline_size\";i:2;s:19:\"_inline_size_tablet\";i:2;}}s:5:\"style\";a:2:{s:13:\"section_style\";a:2:{s:21:\"background_background\";i:2;s:16:\"background_color\";i:1;}s:14:\"section_border\";a:1:{s:13:\"border_radius\";i:2;}}s:8:\"advanced\";a:1:{s:16:\"section_advanced\";a:6:{s:7:\"padding\";i:2;s:13:\"margin_tablet\";i:1;s:13:\"margin_mobile\";i:2;s:14:\"padding_tablet\";i:2;s:14:\"padding_mobile\";i:2;s:6:\"margin\";i:2;}}}}s:9:\"image-box\";a:3:{s:5:\"count\";i:1;s:15:\"control_percent\";i:13;s:8:\"controls\";a:3:{s:7:\"content\";a:1:{s:13:\"section_image\";a:3:{s:5:\"image\";i:1;s:10:\"title_text\";i:1;s:16:\"description_text\";i:1;}}s:5:\"style\";a:2:{s:19:\"section_style_image\";a:8:{s:11:\"image_space\";i:1;s:10:\"image_size\";i:1;s:22:\"css_filters_brightness\";i:1;s:20:\"css_filters_contrast\";i:1;s:20:\"css_filters_saturate\";i:1;s:15:\"css_filters_hue\";i:1;s:17:\"image_size_tablet\";i:1;s:17:\"image_size_mobile\";i:1;}s:21:\"section_style_content\";a:18:{s:10:\"text_align\";i:1;s:18:\"title_bottom_space\";i:1;s:11:\"title_color\";i:1;s:28:\"title_typography_font_family\";i:1;s:26:\"title_typography_font_size\";i:1;s:28:\"title_typography_font_weight\";i:1;s:17:\"description_color\";i:1;s:34:\"description_typography_font_family\";i:1;s:32:\"description_typography_font_size\";i:1;s:34:\"description_typography_line_height\";i:1;s:31:\"title_typography_text_transform\";i:1;s:28:\"title_typography_line_height\";i:1;s:17:\"text_align_tablet\";i:1;s:17:\"text_align_mobile\";i:1;s:33:\"title_typography_font_size_mobile\";i:1;s:41:\"description_typography_line_height_mobile\";i:1;s:33:\"description_typography_typography\";i:1;s:27:\"title_typography_typography\";i:1;}}s:8:\"advanced\";a:1:{s:14:\"_section_style\";a:4:{s:15:\"_padding_tablet\";i:1;s:7:\"_margin\";i:1;s:8:\"_padding\";i:1;s:15:\"_padding_mobile\";i:1;}}}}s:7:\"section\";a:3:{s:5:\"count\";i:1;s:15:\"control_percent\";i:6;s:8:\"controls\";a:3:{s:6:\"layout\";a:2:{s:17:\"section_structure\";a:1:{s:9:\"structure\";i:1;}s:14:\"section_layout\";a:1:{s:3:\"gap\";i:1;}}s:8:\"advanced\";a:2:{s:16:\"section_advanced\";a:6:{s:6:\"margin\";i:1;s:7:\"padding\";i:1;s:13:\"margin_tablet\";i:1;s:13:\"margin_mobile\";i:1;s:14:\"padding_tablet\";i:1;s:14:\"padding_mobile\";i:1;}s:19:\"_section_responsive\";a:2:{s:20:\"reverse_order_tablet\";i:1;s:20:\"reverse_order_mobile\";i:1;}}s:5:\"style\";a:2:{s:18:\"section_background\";a:6:{s:21:\"background_background\";i:1;s:16:\"background_image\";i:1;s:19:\"background_position\";i:1;s:21:\"background_attachment\";i:1;s:17:\"background_repeat\";i:1;s:15:\"background_size\";i:1;}s:26:\"section_background_overlay\";a:3:{s:26:\"background_overlay_opacity\";i:1;s:29:\"background_overlay_background\";i:1;s:24:\"background_overlay_color\";i:1;}}}}}"]},"post_content":""},{"title":"Thank You Page","type":"thankyou","meta":{"astra-site-open-in-new-tab":["0"],"wcf-flow-id":["878"],"wcf-step-type":["thankyou"],"_edit_lock":["1553088030:12"],"_elementor_edit_mode":["builder"],"_elementor_template_type":["post"],"_elementor_version":["2.5.9"],"_wp_page_template":["cartflows-canvas"],"_astra_content_layout_flag":["disabled"],"site-post-title":["disabled"],"ast-title-bar-display":["disabled"],"ast-featured-img":["disabled"],"site-content-layout":["page-builder"],"site-sidebar-layout":["no-sidebar"],"_elementor_page_settings":["a:12:{s:21:\"background_color_stop\";a:3:{s:4:\"unit\";s:1:\"%\";s:4:\"size\";i:0;s:5:\"sizes\";a:0:{}}s:23:\"background_color_b_stop\";a:3:{s:4:\"unit\";s:1:\"%\";s:4:\"size\";i:100;s:5:\"sizes\";a:0:{}}s:25:\"background_gradient_angle\";a:3:{s:4:\"unit\";s:3:\"deg\";s:4:\"size\";i:180;s:5:\"sizes\";a:0:{}}s:15:\"background_xpos\";a:3:{s:4:\"unit\";s:2:\"px\";s:4:\"size\";i:0;s:5:\"sizes\";a:0:{}}s:22:\"background_xpos_tablet\";a:3:{s:4:\"unit\";s:2:\"px\";s:4:\"size\";i:0;s:5:\"sizes\";a:0:{}}s:22:\"background_xpos_mobile\";a:3:{s:4:\"unit\";s:2:\"px\";s:4:\"size\";i:0;s:5:\"sizes\";a:0:{}}s:15:\"background_ypos\";a:3:{s:4:\"unit\";s:2:\"px\";s:4:\"size\";i:0;s:5:\"sizes\";a:0:{}}s:22:\"background_ypos_tablet\";a:3:{s:4:\"unit\";s:2:\"px\";s:4:\"size\";i:0;s:5:\"sizes\";a:0:{}}s:22:\"background_ypos_mobile\";a:3:{s:4:\"unit\";s:2:\"px\";s:4:\"size\";i:0;s:5:\"sizes\";a:0:{}}s:19:\"background_bg_width\";a:3:{s:4:\"unit\";s:1:\"%\";s:4:\"size\";i:100;s:5:\"sizes\";a:0:{}}s:26:\"background_bg_width_tablet\";a:3:{s:4:\"unit\";s:2:\"px\";s:4:\"size\";s:0:\"\";s:5:\"sizes\";a:0:{}}s:26:\"background_bg_width_mobile\";a:3:{s:4:\"unit\";s:2:\"px\";s:4:\"size\";s:0:\"\";s:5:\"sizes\";a:0:{}}}"],"_elementor_data":["[{\"id\":\"64e2f6c\",\"elType\":\"section\",\"settings\":{\"content_width\":{\"unit\":\"px\",\"size\":650,\"sizes\":[]},\"custom_height\":{\"unit\":\"px\",\"size\":400,\"sizes\":[]},\"custom_height_tablet\":{\"unit\":\"px\",\"size\":\"\",\"sizes\":[]},\"custom_height_mobile\":{\"unit\":\"px\",\"size\":\"\",\"sizes\":[]},\"background_background\":\"classic\",\"background_color_stop\":{\"unit\":\"%\",\"size\":0,\"sizes\":[]},\"background_color_b_stop\":{\"unit\":\"%\",\"size\":100,\"sizes\":[]},\"background_gradient_angle\":{\"unit\":\"deg\",\"size\":180,\"sizes\":[]},\"background_image\":{\"url\":\"https:\\\/\\\/websitedemos.net\\\/brandstore-02\\\/wp-content\\\/uploads\\\/sites\\\/150\\\/2017\\\/12\\\/about-banner-free-img.jpg\",\"id\":192},\"background_position\":\"center center\",\"background_xpos\":{\"unit\":\"px\",\"size\":0,\"sizes\":[]},\"background_xpos_tablet\":{\"unit\":\"px\",\"size\":0,\"sizes\":[]},\"background_xpos_mobile\":{\"unit\":\"px\",\"size\":0,\"sizes\":[]},\"background_ypos\":{\"unit\":\"px\",\"size\":0,\"sizes\":[]},\"background_ypos_tablet\":{\"unit\":\"px\",\"size\":0,\"sizes\":[]},\"background_ypos_mobile\":{\"unit\":\"px\",\"size\":0,\"sizes\":[]},\"background_attachment\":\"scroll\",\"background_repeat\":\"no-repeat\",\"background_size\":\"cover\",\"background_bg_width\":{\"unit\":\"%\",\"size\":100,\"sizes\":[]},\"background_bg_width_tablet\":{\"unit\":\"px\",\"size\":\"\",\"sizes\":[]},\"background_bg_width_mobile\":{\"unit\":\"px\",\"size\":\"\",\"sizes\":[]},\"background_hover_color_stop\":{\"unit\":\"%\",\"size\":0,\"sizes\":[]},\"background_hover_color_b_stop\":{\"unit\":\"%\",\"size\":100,\"sizes\":[]},\"background_hover_gradient_angle\":{\"unit\":\"deg\",\"size\":180,\"sizes\":[]},\"background_hover_xpos\":{\"unit\":\"px\",\"size\":0,\"sizes\":[]},\"background_hover_xpos_tablet\":{\"unit\":\"px\",\"size\":0,\"sizes\":[]},\"background_hover_xpos_mobile\":{\"unit\":\"px\",\"size\":0,\"sizes\":[]},\"background_hover_ypos\":{\"unit\":\"px\",\"size\":0,\"sizes\":[]},\"background_hover_ypos_tablet\":{\"unit\":\"px\",\"size\":0,\"sizes\":[]},\"background_hover_ypos_mobile\":{\"unit\":\"px\",\"size\":0,\"sizes\":[]},\"background_hover_bg_width\":{\"unit\":\"%\",\"size\":100,\"sizes\":[]},\"background_hover_bg_width_tablet\":{\"unit\":\"px\",\"size\":\"\",\"sizes\":[]},\"background_hover_bg_width_mobile\":{\"unit\":\"px\",\"size\":\"\",\"sizes\":[]},\"background_hover_transition\":{\"unit\":\"px\",\"size\":0.3,\"sizes\":[]},\"background_overlay_background\":\"classic\",\"background_overlay_color\":\"#365e7f\",\"background_overlay_color_stop\":{\"unit\":\"%\",\"size\":0,\"sizes\":[]},\"background_overlay_color_b_stop\":{\"unit\":\"%\",\"size\":100,\"sizes\":[]},\"background_overlay_gradient_angle\":{\"unit\":\"deg\",\"size\":180,\"sizes\":[]},\"background_overlay_xpos\":{\"unit\":\"px\",\"size\":0,\"sizes\":[]},\"background_overlay_xpos_tablet\":{\"unit\":\"px\",\"size\":0,\"sizes\":[]},\"background_overlay_xpos_mobile\":{\"unit\":\"px\",\"size\":0,\"sizes\":[]},\"background_overlay_ypos\":{\"unit\":\"px\",\"size\":0,\"sizes\":[]},\"background_overlay_ypos_tablet\":{\"unit\":\"px\",\"size\":0,\"sizes\":[]},\"background_overlay_ypos_mobile\":{\"unit\":\"px\",\"size\":0,\"sizes\":[]},\"background_overlay_bg_width\":{\"unit\":\"%\",\"size\":100,\"sizes\":[]},\"background_overlay_bg_width_tablet\":{\"unit\":\"px\",\"size\":\"\",\"sizes\":[]},\"background_overlay_bg_width_mobile\":{\"unit\":\"px\",\"size\":\"\",\"sizes\":[]},\"background_overlay_opacity\":{\"unit\":\"px\",\"size\":0.85,\"sizes\":[]},\"css_filters_blur\":{\"unit\":\"px\",\"size\":0,\"sizes\":[]},\"css_filters_brightness\":{\"unit\":\"px\",\"size\":100,\"sizes\":[]},\"css_filters_contrast\":{\"unit\":\"px\",\"size\":100,\"sizes\":[]},\"css_filters_saturate\":{\"unit\":\"px\",\"size\":100,\"sizes\":[]},\"css_filters_hue\":{\"unit\":\"px\",\"size\":0,\"sizes\":[]},\"background_overlay_hover_color_stop\":{\"unit\":\"%\",\"size\":0,\"sizes\":[]},\"background_overlay_hover_color_b_stop\":{\"unit\":\"%\",\"size\":100,\"sizes\":[]},\"background_overlay_hover_gradient_angle\":{\"unit\":\"deg\",\"size\":180,\"sizes\":[]},\"background_overlay_hover_xpos\":{\"unit\":\"px\",\"size\":0,\"sizes\":[]},\"background_overlay_hover_xpos_tablet\":{\"unit\":\"px\",\"size\":0,\"sizes\":[]},\"background_overlay_hover_xpos_mobile\":{\"unit\":\"px\",\"size\":0,\"sizes\":[]},\"background_overlay_hover_ypos\":{\"unit\":\"px\",\"size\":0,\"sizes\":[]},\"background_overlay_hover_ypos_tablet\":{\"unit\":\"px\",\"size\":0,\"sizes\":[]},\"background_overlay_hover_ypos_mobile\":{\"unit\":\"px\",\"size\":0,\"sizes\":[]},\"background_overlay_hover_bg_width\":{\"unit\":\"%\",\"size\":100,\"sizes\":[]},\"background_overlay_hover_bg_width_tablet\":{\"unit\":\"px\",\"size\":\"\",\"sizes\":[]},\"background_overlay_hover_bg_width_mobile\":{\"unit\":\"px\",\"size\":\"\",\"sizes\":[]},\"background_overlay_hover_opacity\":{\"unit\":\"px\",\"size\":0.5,\"sizes\":[]},\"css_filters_hover_blur\":{\"unit\":\"px\",\"size\":0,\"sizes\":[]},\"css_filters_hover_brightness\":{\"unit\":\"px\",\"size\":100,\"sizes\":[]},\"css_filters_hover_contrast\":{\"unit\":\"px\",\"size\":100,\"sizes\":[]},\"css_filters_hover_saturate\":{\"unit\":\"px\",\"size\":100,\"sizes\":[]},\"css_filters_hover_hue\":{\"unit\":\"px\",\"size\":0,\"sizes\":[]},\"background_overlay_hover_transition\":{\"unit\":\"px\",\"size\":0.3,\"sizes\":[]},\"border_hover_transition\":{\"unit\":\"px\",\"size\":0.3,\"sizes\":[]},\"shape_divider_top_width\":{\"unit\":\"%\",\"size\":\"\",\"sizes\":[]},\"shape_divider_top_width_tablet\":{\"unit\":\"%\",\"size\":\"\",\"sizes\":[]},\"shape_divider_top_width_mobile\":{\"unit\":\"%\",\"size\":\"\",\"sizes\":[]},\"shape_divider_top_height\":{\"unit\":\"px\",\"size\":\"\",\"sizes\":[]},\"shape_divider_top_height_tablet\":{\"unit\":\"px\",\"size\":\"\",\"sizes\":[]},\"shape_divider_top_height_mobile\":{\"unit\":\"px\",\"size\":\"\",\"sizes\":[]},\"shape_divider_bottom_width\":{\"unit\":\"%\",\"size\":\"\",\"sizes\":[]},\"shape_divider_bottom_width_tablet\":{\"unit\":\"%\",\"size\":\"\",\"sizes\":[]},\"shape_divider_bottom_width_mobile\":{\"unit\":\"%\",\"size\":\"\",\"sizes\":[]},\"shape_divider_bottom_height\":{\"unit\":\"px\",\"size\":\"\",\"sizes\":[]},\"shape_divider_bottom_height_tablet\":{\"unit\":\"px\",\"size\":\"\",\"sizes\":[]},\"shape_divider_bottom_height_mobile\":{\"unit\":\"px\",\"size\":\"\",\"sizes\":[]},\"padding\":{\"unit\":\"px\",\"top\":\"80\",\"right\":\"0\",\"bottom\":\"180\",\"left\":\"0\",\"isLinked\":false}},\"elements\":[{\"id\":\"ab466f2\",\"elType\":\"column\",\"settings\":{\"_column_size\":100,\"background_color_stop\":{\"unit\":\"%\",\"size\":0,\"sizes\":[]},\"background_color_b_stop\":{\"unit\":\"%\",\"size\":100,\"sizes\":[]},\"background_gradient_angle\":{\"unit\":\"deg\",\"size\":180,\"sizes\":[]},\"background_xpos\":{\"unit\":\"px\",\"size\":0,\"sizes\":[]},\"background_xpos_tablet\":{\"unit\":\"px\",\"size\":0,\"sizes\":[]},\"background_xpos_mobile\":{\"unit\":\"px\",\"size\":0,\"sizes\":[]},\"background_ypos\":{\"unit\":\"px\",\"size\":0,\"sizes\":[]},\"background_ypos_tablet\":{\"unit\":\"px\",\"size\":0,\"sizes\":[]},\"background_ypos_mobile\":{\"unit\":\"px\",\"size\":0,\"sizes\":[]},\"background_bg_width\":{\"unit\":\"%\",\"size\":100,\"sizes\":[]},\"background_bg_width_tablet\":{\"unit\":\"px\",\"size\":\"\",\"sizes\":[]},\"background_bg_width_mobile\":{\"unit\":\"px\",\"size\":\"\",\"sizes\":[]},\"background_hover_color_stop\":{\"unit\":\"%\",\"size\":0,\"sizes\":[]},\"background_hover_color_b_stop\":{\"unit\":\"%\",\"size\":100,\"sizes\":[]},\"background_hover_gradient_angle\":{\"unit\":\"deg\",\"size\":180,\"sizes\":[]},\"background_hover_xpos\":{\"unit\":\"px\",\"size\":0,\"sizes\":[]},\"background_hover_xpos_tablet\":{\"unit\":\"px\",\"size\":0,\"sizes\":[]},\"background_hover_xpos_mobile\":{\"unit\":\"px\",\"size\":0,\"sizes\":[]},\"background_hover_ypos\":{\"unit\":\"px\",\"size\":0,\"sizes\":[]},\"background_hover_ypos_tablet\":{\"unit\":\"px\",\"size\":0,\"sizes\":[]},\"background_hover_ypos_mobile\":{\"unit\":\"px\",\"size\":0,\"sizes\":[]},\"background_hover_bg_width\":{\"unit\":\"%\",\"size\":100,\"sizes\":[]},\"background_hover_bg_width_tablet\":{\"unit\":\"px\",\"size\":\"\",\"sizes\":[]},\"background_hover_bg_width_mobile\":{\"unit\":\"px\",\"size\":\"\",\"sizes\":[]},\"background_hover_transition\":{\"unit\":\"px\",\"size\":0.3,\"sizes\":[]},\"background_overlay_color_stop\":{\"unit\":\"%\",\"size\":0,\"sizes\":[]},\"background_overlay_color_b_stop\":{\"unit\":\"%\",\"size\":100,\"sizes\":[]},\"background_overlay_gradient_angle\":{\"unit\":\"deg\",\"size\":180,\"sizes\":[]},\"background_overlay_xpos\":{\"unit\":\"px\",\"size\":0,\"sizes\":[]},\"background_overlay_xpos_tablet\":{\"unit\":\"px\",\"size\":0,\"sizes\":[]},\"background_overlay_xpos_mobile\":{\"unit\":\"px\",\"size\":0,\"sizes\":[]},\"background_overlay_ypos\":{\"unit\":\"px\",\"size\":0,\"sizes\":[]},\"background_overlay_ypos_tablet\":{\"unit\":\"px\",\"size\":0,\"sizes\":[]},\"background_overlay_ypos_mobile\":{\"unit\":\"px\",\"size\":0,\"sizes\":[]},\"background_overlay_bg_width\":{\"unit\":\"%\",\"size\":100,\"sizes\":[]},\"background_overlay_bg_width_tablet\":{\"unit\":\"px\",\"size\":\"\",\"sizes\":[]},\"background_overlay_bg_width_mobile\":{\"unit\":\"px\",\"size\":\"\",\"sizes\":[]},\"background_overlay_opacity\":{\"unit\":\"px\",\"size\":0.5,\"sizes\":[]},\"css_filters_blur\":{\"unit\":\"px\",\"size\":0,\"sizes\":[]},\"css_filters_brightness\":{\"unit\":\"px\",\"size\":100,\"sizes\":[]},\"css_filters_contrast\":{\"unit\":\"px\",\"size\":100,\"sizes\":[]},\"css_filters_saturate\":{\"unit\":\"px\",\"size\":100,\"sizes\":[]},\"css_filters_hue\":{\"unit\":\"px\",\"size\":0,\"sizes\":[]},\"background_overlay_hover_color_stop\":{\"unit\":\"%\",\"size\":0,\"sizes\":[]},\"background_overlay_hover_color_b_stop\":{\"unit\":\"%\",\"size\":100,\"sizes\":[]},\"background_overlay_hover_gradient_angle\":{\"unit\":\"deg\",\"size\":180,\"sizes\":[]},\"background_overlay_hover_xpos\":{\"unit\":\"px\",\"size\":0,\"sizes\":[]},\"background_overlay_hover_xpos_tablet\":{\"unit\":\"px\",\"size\":0,\"sizes\":[]},\"background_overlay_hover_xpos_mobile\":{\"unit\":\"px\",\"size\":0,\"sizes\":[]},\"background_overlay_hover_ypos\":{\"unit\":\"px\",\"size\":0,\"sizes\":[]},\"background_overlay_hover_ypos_tablet\":{\"unit\":\"px\",\"size\":0,\"sizes\":[]},\"background_overlay_hover_ypos_mobile\":{\"unit\":\"px\",\"size\":0,\"sizes\":[]},\"background_overlay_hover_bg_width\":{\"unit\":\"%\",\"size\":100,\"sizes\":[]},\"background_overlay_hover_bg_width_tablet\":{\"unit\":\"px\",\"size\":\"\",\"sizes\":[]},\"background_overlay_hover_bg_width_mobile\":{\"unit\":\"px\",\"size\":\"\",\"sizes\":[]},\"background_overlay_hover_opacity\":{\"unit\":\"px\",\"size\":0.5,\"sizes\":[]},\"css_filters_hover_blur\":{\"unit\":\"px\",\"size\":0,\"sizes\":[]},\"css_filters_hover_brightness\":{\"unit\":\"px\",\"size\":100,\"sizes\":[]},\"css_filters_hover_contrast\":{\"unit\":\"px\",\"size\":100,\"sizes\":[]},\"css_filters_hover_saturate\":{\"unit\":\"px\",\"size\":100,\"sizes\":[]},\"css_filters_hover_hue\":{\"unit\":\"px\",\"size\":0,\"sizes\":[]},\"background_overlay_hover_transition\":{\"unit\":\"px\",\"size\":0.3,\"sizes\":[]},\"border_hover_transition\":{\"unit\":\"px\",\"size\":0.3,\"sizes\":[]}},\"elements\":[{\"id\":\"36b20df\",\"elType\":\"widget\",\"settings\":{\"image\":{\"url\":\"\",\"id\":\"\"},\"title_text\":\"Thank you heading\",\"description_text\":\"Lorem ipsum dolor sit amet, consectetur adipiscing elit. Ut elit tellus, luctus nec ullamcorper mattis, pulvinar dapibus leo.\",\"title_size\":\"h1\",\"image_space\":{\"unit\":\"px\",\"size\":0,\"sizes\":[]},\"image_space_tablet\":{\"unit\":\"px\",\"size\":\"\",\"sizes\":[]},\"image_space_mobile\":{\"unit\":\"px\",\"size\":\"\",\"sizes\":[]},\"image_size\":{\"unit\":\"%\",\"size\":30,\"sizes\":[]},\"image_size_tablet\":{\"unit\":\"%\",\"size\":\"\",\"sizes\":[]},\"image_size_mobile\":{\"unit\":\"%\",\"size\":\"\",\"sizes\":[]},\"css_filters_blur\":{\"unit\":\"px\",\"size\":0,\"sizes\":[]},\"css_filters_brightness\":{\"unit\":\"px\",\"size\":100,\"sizes\":[]},\"css_filters_contrast\":{\"unit\":\"px\",\"size\":100,\"sizes\":[]},\"css_filters_saturate\":{\"unit\":\"px\",\"size\":100,\"sizes\":[]},\"css_filters_hue\":{\"unit\":\"px\",\"size\":0,\"sizes\":[]},\"image_opacity\":{\"unit\":\"px\",\"size\":\"\",\"sizes\":[]},\"background_hover_transition\":{\"unit\":\"px\",\"size\":0.3,\"sizes\":[]},\"css_filters_hover_blur\":{\"unit\":\"px\",\"size\":0,\"sizes\":[]},\"css_filters_hover_brightness\":{\"unit\":\"px\",\"size\":100,\"sizes\":[]},\"css_filters_hover_contrast\":{\"unit\":\"px\",\"size\":100,\"sizes\":[]},\"css_filters_hover_saturate\":{\"unit\":\"px\",\"size\":100,\"sizes\":[]},\"css_filters_hover_hue\":{\"unit\":\"px\",\"size\":0,\"sizes\":[]},\"image_opacity_hover\":{\"unit\":\"px\",\"size\":\"\",\"sizes\":[]},\"title_bottom_space\":{\"unit\":\"px\",\"size\":20,\"sizes\":[]},\"title_bottom_space_tablet\":{\"unit\":\"px\",\"size\":\"\",\"sizes\":[]},\"title_bottom_space_mobile\":{\"unit\":\"px\",\"size\":\"\",\"sizes\":[]},\"title_color\":\"#ffffff\",\"title_typography_typography\":\"custom\",\"title_typography_font_family\":\"Lato\",\"title_typography_font_size\":{\"unit\":\"px\",\"size\":\"\",\"sizes\":[]},\"title_typography_font_size_tablet\":{\"unit\":\"px\",\"size\":\"\",\"sizes\":[]},\"title_typography_font_size_mobile\":{\"unit\":\"px\",\"size\":\"\",\"sizes\":[]},\"title_typography_font_weight\":\"900\",\"title_typography_line_height\":{\"unit\":\"em\",\"size\":\"\",\"sizes\":[]},\"title_typography_line_height_tablet\":{\"unit\":\"em\",\"size\":\"\",\"sizes\":[]},\"title_typography_line_height_mobile\":{\"unit\":\"em\",\"size\":\"\",\"sizes\":[]},\"title_typography_letter_spacing\":{\"unit\":\"px\",\"size\":\"\",\"sizes\":[]},\"title_typography_letter_spacing_tablet\":{\"unit\":\"px\",\"size\":\"\",\"sizes\":[]},\"title_typography_letter_spacing_mobile\":{\"unit\":\"px\",\"size\":\"\",\"sizes\":[]},\"description_color\":\"rgba(255,255,255,0.81)\",\"description_typography_typography\":\"custom\",\"description_typography_font_family\":\"Lato\",\"description_typography_font_size\":{\"unit\":\"px\",\"size\":\"\",\"sizes\":[]},\"description_typography_font_size_tablet\":{\"unit\":\"px\",\"size\":\"\",\"sizes\":[]},\"description_typography_font_size_mobile\":{\"unit\":\"px\",\"size\":\"\",\"sizes\":[]},\"description_typography_line_height\":{\"unit\":\"em\",\"size\":\"\",\"sizes\":[]},\"description_typography_line_height_tablet\":{\"unit\":\"em\",\"size\":\"\",\"sizes\":[]},\"description_typography_line_height_mobile\":{\"unit\":\"em\",\"size\":\"\",\"sizes\":[]},\"description_typography_letter_spacing\":{\"unit\":\"px\",\"size\":\"\",\"sizes\":[]},\"description_typography_letter_spacing_tablet\":{\"unit\":\"px\",\"size\":\"\",\"sizes\":[]},\"description_typography_letter_spacing_mobile\":{\"unit\":\"px\",\"size\":\"\",\"sizes\":[]},\"_background_color_stop\":{\"unit\":\"%\",\"size\":0,\"sizes\":[]},\"_background_color_b_stop\":{\"unit\":\"%\",\"size\":100,\"sizes\":[]},\"_background_gradient_angle\":{\"unit\":\"deg\",\"size\":180,\"sizes\":[]},\"_background_xpos\":{\"unit\":\"px\",\"size\":0,\"sizes\":[]},\"_background_xpos_tablet\":{\"unit\":\"px\",\"size\":0,\"sizes\":[]},\"_background_xpos_mobile\":{\"unit\":\"px\",\"size\":0,\"sizes\":[]},\"_background_ypos\":{\"unit\":\"px\",\"size\":0,\"sizes\":[]},\"_background_ypos_tablet\":{\"unit\":\"px\",\"size\":0,\"sizes\":[]},\"_background_ypos_mobile\":{\"unit\":\"px\",\"size\":0,\"sizes\":[]},\"_background_bg_width\":{\"unit\":\"%\",\"size\":100,\"sizes\":[]},\"_background_bg_width_tablet\":{\"unit\":\"px\",\"size\":\"\",\"sizes\":[]},\"_background_bg_width_mobile\":{\"unit\":\"px\",\"size\":\"\",\"sizes\":[]},\"_background_hover_color_stop\":{\"unit\":\"%\",\"size\":0,\"sizes\":[]},\"_background_hover_color_b_stop\":{\"unit\":\"%\",\"size\":100,\"sizes\":[]},\"_background_hover_gradient_angle\":{\"unit\":\"deg\",\"size\":180,\"sizes\":[]},\"_background_hover_xpos\":{\"unit\":\"px\",\"size\":0,\"sizes\":[]},\"_background_hover_xpos_tablet\":{\"unit\":\"px\",\"size\":0,\"sizes\":[]},\"_background_hover_xpos_mobile\":{\"unit\":\"px\",\"size\":0,\"sizes\":[]},\"_background_hover_ypos\":{\"unit\":\"px\",\"size\":0,\"sizes\":[]},\"_background_hover_ypos_tablet\":{\"unit\":\"px\",\"size\":0,\"sizes\":[]},\"_background_hover_ypos_mobile\":{\"unit\":\"px\",\"size\":0,\"sizes\":[]},\"_background_hover_bg_width\":{\"unit\":\"%\",\"size\":100,\"sizes\":[]},\"_background_hover_bg_width_tablet\":{\"unit\":\"px\",\"size\":\"\",\"sizes\":[]},\"_background_hover_bg_width_mobile\":{\"unit\":\"px\",\"size\":\"\",\"sizes\":[]},\"_background_hover_transition\":{\"unit\":\"px\",\"size\":\"\",\"sizes\":[]},\"_border_hover_transition\":{\"unit\":\"px\",\"size\":\"\",\"sizes\":[]},\"_element_custom_width\":{\"unit\":\"px\",\"size\":\"\",\"sizes\":[]},\"_element_custom_width_tablet\":{\"unit\":\"px\",\"size\":\"\",\"sizes\":[]},\"_element_custom_width_mobile\":{\"unit\":\"px\",\"size\":\"\",\"sizes\":[]},\"_offset_x\":{\"unit\":\"px\",\"size\":\"0\",\"sizes\":[]},\"_offset_x_tablet\":{\"unit\":\"px\",\"size\":\"\",\"sizes\":[]},\"_offset_x_mobile\":{\"unit\":\"px\",\"size\":\"\",\"sizes\":[]},\"_offset_x_end\":{\"unit\":\"px\",\"size\":\"0\",\"sizes\":[]},\"_offset_x_end_tablet\":{\"unit\":\"px\",\"size\":\"\",\"sizes\":[]},\"_offset_x_end_mobile\":{\"unit\":\"px\",\"size\":\"\",\"sizes\":[]},\"_offset_y\":{\"unit\":\"px\",\"size\":\"0\",\"sizes\":[]},\"_offset_y_tablet\":{\"unit\":\"px\",\"size\":\"\",\"sizes\":[]},\"_offset_y_mobile\":{\"unit\":\"px\",\"size\":\"\",\"sizes\":[]},\"_offset_y_end\":{\"unit\":\"px\",\"size\":\"0\",\"sizes\":[]},\"_offset_y_end_tablet\":{\"unit\":\"px\",\"size\":\"\",\"sizes\":[]},\"_offset_y_end_mobile\":{\"unit\":\"px\",\"size\":\"\",\"sizes\":[]}},\"elements\":[],\"widgetType\":\"image-box\"}],\"isInner\":false}],\"isInner\":false},{\"id\":\"7cc0699\",\"elType\":\"section\",\"settings\":{\"content_width\":{\"unit\":\"px\",\"size\":650,\"sizes\":[]},\"custom_height\":{\"unit\":\"px\",\"size\":400,\"sizes\":[]},\"custom_height_tablet\":{\"unit\":\"px\",\"size\":\"\",\"sizes\":[]},\"custom_height_mobile\":{\"unit\":\"px\",\"size\":\"\",\"sizes\":[]},\"background_color_stop\":{\"unit\":\"%\",\"size\":0,\"sizes\":[]},\"background_color_b_stop\":{\"unit\":\"%\",\"size\":100,\"sizes\":[]},\"background_gradient_angle\":{\"unit\":\"deg\",\"size\":180,\"sizes\":[]},\"background_xpos\":{\"unit\":\"px\",\"size\":0,\"sizes\":[]},\"background_xpos_tablet\":{\"unit\":\"px\",\"size\":0,\"sizes\":[]},\"background_xpos_mobile\":{\"unit\":\"px\",\"size\":0,\"sizes\":[]},\"background_ypos\":{\"unit\":\"px\",\"size\":0,\"sizes\":[]},\"background_ypos_tablet\":{\"unit\":\"px\",\"size\":0,\"sizes\":[]},\"background_ypos_mobile\":{\"unit\":\"px\",\"size\":0,\"sizes\":[]},\"background_bg_width\":{\"unit\":\"%\",\"size\":100,\"sizes\":[]},\"background_bg_width_tablet\":{\"unit\":\"px\",\"size\":\"\",\"sizes\":[]},\"background_bg_width_mobile\":{\"unit\":\"px\",\"size\":\"\",\"sizes\":[]},\"background_hover_color_stop\":{\"unit\":\"%\",\"size\":0,\"sizes\":[]},\"background_hover_color_b_stop\":{\"unit\":\"%\",\"size\":100,\"sizes\":[]},\"background_hover_gradient_angle\":{\"unit\":\"deg\",\"size\":180,\"sizes\":[]},\"background_hover_xpos\":{\"unit\":\"px\",\"size\":0,\"sizes\":[]},\"background_hover_xpos_tablet\":{\"unit\":\"px\",\"size\":0,\"sizes\":[]},\"background_hover_xpos_mobile\":{\"unit\":\"px\",\"size\":0,\"sizes\":[]},\"background_hover_ypos\":{\"unit\":\"px\",\"size\":0,\"sizes\":[]},\"background_hover_ypos_tablet\":{\"unit\":\"px\",\"size\":0,\"sizes\":[]},\"background_hover_ypos_mobile\":{\"unit\":\"px\",\"size\":0,\"sizes\":[]},\"background_hover_bg_width\":{\"unit\":\"%\",\"size\":100,\"sizes\":[]},\"background_hover_bg_width_tablet\":{\"unit\":\"px\",\"size\":\"\",\"sizes\":[]},\"background_hover_bg_width_mobile\":{\"unit\":\"px\",\"size\":\"\",\"sizes\":[]},\"background_hover_transition\":{\"unit\":\"px\",\"size\":0.3,\"sizes\":[]},\"background_overlay_color_stop\":{\"unit\":\"%\",\"size\":0,\"sizes\":[]},\"background_overlay_color_b_stop\":{\"unit\":\"%\",\"size\":100,\"sizes\":[]},\"background_overlay_gradient_angle\":{\"unit\":\"deg\",\"size\":180,\"sizes\":[]},\"background_overlay_xpos\":{\"unit\":\"px\",\"size\":0,\"sizes\":[]},\"background_overlay_xpos_tablet\":{\"unit\":\"px\",\"size\":0,\"sizes\":[]},\"background_overlay_xpos_mobile\":{\"unit\":\"px\",\"size\":0,\"sizes\":[]},\"background_overlay_ypos\":{\"unit\":\"px\",\"size\":0,\"sizes\":[]},\"background_overlay_ypos_tablet\":{\"unit\":\"px\",\"size\":0,\"sizes\":[]},\"background_overlay_ypos_mobile\":{\"unit\":\"px\",\"size\":0,\"sizes\":[]},\"background_overlay_bg_width\":{\"unit\":\"%\",\"size\":100,\"sizes\":[]},\"background_overlay_bg_width_tablet\":{\"unit\":\"px\",\"size\":\"\",\"sizes\":[]},\"background_overlay_bg_width_mobile\":{\"unit\":\"px\",\"size\":\"\",\"sizes\":[]},\"background_overlay_opacity\":{\"unit\":\"px\",\"size\":0.5,\"sizes\":[]},\"css_filters_blur\":{\"unit\":\"px\",\"size\":0,\"sizes\":[]},\"css_filters_brightness\":{\"unit\":\"px\",\"size\":100,\"sizes\":[]},\"css_filters_contrast\":{\"unit\":\"px\",\"size\":100,\"sizes\":[]},\"css_filters_saturate\":{\"unit\":\"px\",\"size\":100,\"sizes\":[]},\"css_filters_hue\":{\"unit\":\"px\",\"size\":0,\"sizes\":[]},\"background_overlay_hover_color_stop\":{\"unit\":\"%\",\"size\":0,\"sizes\":[]},\"background_overlay_hover_color_b_stop\":{\"unit\":\"%\",\"size\":100,\"sizes\":[]},\"background_overlay_hover_gradient_angle\":{\"unit\":\"deg\",\"size\":180,\"sizes\":[]},\"background_overlay_hover_xpos\":{\"unit\":\"px\",\"size\":0,\"sizes\":[]},\"background_overlay_hover_xpos_tablet\":{\"unit\":\"px\",\"size\":0,\"sizes\":[]},\"background_overlay_hover_xpos_mobile\":{\"unit\":\"px\",\"size\":0,\"sizes\":[]},\"background_overlay_hover_ypos\":{\"unit\":\"px\",\"size\":0,\"sizes\":[]},\"background_overlay_hover_ypos_tablet\":{\"unit\":\"px\",\"size\":0,\"sizes\":[]},\"background_overlay_hover_ypos_mobile\":{\"unit\":\"px\",\"size\":0,\"sizes\":[]},\"background_overlay_hover_bg_width\":{\"unit\":\"%\",\"size\":100,\"sizes\":[]},\"background_overlay_hover_bg_width_tablet\":{\"unit\":\"px\",\"size\":\"\",\"sizes\":[]},\"background_overlay_hover_bg_width_mobile\":{\"unit\":\"px\",\"size\":\"\",\"sizes\":[]},\"background_overlay_hover_opacity\":{\"unit\":\"px\",\"size\":0.5,\"sizes\":[]},\"css_filters_hover_blur\":{\"unit\":\"px\",\"size\":0,\"sizes\":[]},\"css_filters_hover_brightness\":{\"unit\":\"px\",\"size\":100,\"sizes\":[]},\"css_filters_hover_contrast\":{\"unit\":\"px\",\"size\":100,\"sizes\":[]},\"css_filters_hover_saturate\":{\"unit\":\"px\",\"size\":100,\"sizes\":[]},\"css_filters_hover_hue\":{\"unit\":\"px\",\"size\":0,\"sizes\":[]},\"background_overlay_hover_transition\":{\"unit\":\"px\",\"size\":0.3,\"sizes\":[]},\"border_hover_transition\":{\"unit\":\"px\",\"size\":0.3,\"sizes\":[]},\"shape_divider_top_width\":{\"unit\":\"%\",\"size\":\"\",\"sizes\":[]},\"shape_divider_top_width_tablet\":{\"unit\":\"%\",\"size\":\"\",\"sizes\":[]},\"shape_divider_top_width_mobile\":{\"unit\":\"%\",\"size\":\"\",\"sizes\":[]},\"shape_divider_top_height\":{\"unit\":\"px\",\"size\":\"\",\"sizes\":[]},\"shape_divider_top_height_tablet\":{\"unit\":\"px\",\"size\":\"\",\"sizes\":[]},\"shape_divider_top_height_mobile\":{\"unit\":\"px\",\"size\":\"\",\"sizes\":[]},\"shape_divider_bottom_width\":{\"unit\":\"%\",\"size\":\"\",\"sizes\":[]},\"shape_divider_bottom_width_tablet\":{\"unit\":\"%\",\"size\":\"\",\"sizes\":[]},\"shape_divider_bottom_width_mobile\":{\"unit\":\"%\",\"size\":\"\",\"sizes\":[]},\"shape_divider_bottom_height\":{\"unit\":\"px\",\"size\":\"\",\"sizes\":[]},\"shape_divider_bottom_height_tablet\":{\"unit\":\"px\",\"size\":\"\",\"sizes\":[]},\"shape_divider_bottom_height_mobile\":{\"unit\":\"px\",\"size\":\"\",\"sizes\":[]},\"padding\":{\"unit\":\"px\",\"top\":\"0\",\"right\":\"0\",\"bottom\":\"100\",\"left\":\"0\",\"isLinked\":false}},\"elements\":[{\"id\":\"3da48d8\",\"elType\":\"column\",\"settings\":{\"_column_size\":100,\"_inline_size\":null,\"background_background\":\"classic\",\"background_color\":\"#fcfcfc\",\"background_color_stop\":{\"unit\":\"%\",\"size\":0,\"sizes\":[]},\"background_color_b_stop\":{\"unit\":\"%\",\"size\":100,\"sizes\":[]},\"background_gradient_angle\":{\"unit\":\"deg\",\"size\":180,\"sizes\":[]},\"background_xpos\":{\"unit\":\"px\",\"size\":0,\"sizes\":[]},\"background_xpos_tablet\":{\"unit\":\"px\",\"size\":0,\"sizes\":[]},\"background_xpos_mobile\":{\"unit\":\"px\",\"size\":0,\"sizes\":[]},\"background_ypos\":{\"unit\":\"px\",\"size\":0,\"sizes\":[]},\"background_ypos_tablet\":{\"unit\":\"px\",\"size\":0,\"sizes\":[]},\"background_ypos_mobile\":{\"unit\":\"px\",\"size\":0,\"sizes\":[]},\"background_bg_width\":{\"unit\":\"%\",\"size\":100,\"sizes\":[]},\"background_bg_width_tablet\":{\"unit\":\"px\",\"size\":\"\",\"sizes\":[]},\"background_bg_width_mobile\":{\"unit\":\"px\",\"size\":\"\",\"sizes\":[]},\"background_hover_color_stop\":{\"unit\":\"%\",\"size\":0,\"sizes\":[]},\"background_hover_color_b_stop\":{\"unit\":\"%\",\"size\":100,\"sizes\":[]},\"background_hover_gradient_angle\":{\"unit\":\"deg\",\"size\":180,\"sizes\":[]},\"background_hover_xpos\":{\"unit\":\"px\",\"size\":0,\"sizes\":[]},\"background_hover_xpos_tablet\":{\"unit\":\"px\",\"size\":0,\"sizes\":[]},\"background_hover_xpos_mobile\":{\"unit\":\"px\",\"size\":0,\"sizes\":[]},\"background_hover_ypos\":{\"unit\":\"px\",\"size\":0,\"sizes\":[]},\"background_hover_ypos_tablet\":{\"unit\":\"px\",\"size\":0,\"sizes\":[]},\"background_hover_ypos_mobile\":{\"unit\":\"px\",\"size\":0,\"sizes\":[]},\"background_hover_bg_width\":{\"unit\":\"%\",\"size\":100,\"sizes\":[]},\"background_hover_bg_width_tablet\":{\"unit\":\"px\",\"size\":\"\",\"sizes\":[]},\"background_hover_bg_width_mobile\":{\"unit\":\"px\",\"size\":\"\",\"sizes\":[]},\"background_hover_transition\":{\"unit\":\"px\",\"size\":0.3,\"sizes\":[]},\"background_overlay_color_stop\":{\"unit\":\"%\",\"size\":0,\"sizes\":[]},\"background_overlay_color_b_stop\":{\"unit\":\"%\",\"size\":100,\"sizes\":[]},\"background_overlay_gradient_angle\":{\"unit\":\"deg\",\"size\":180,\"sizes\":[]},\"background_overlay_xpos\":{\"unit\":\"px\",\"size\":0,\"sizes\":[]},\"background_overlay_xpos_tablet\":{\"unit\":\"px\",\"size\":0,\"sizes\":[]},\"background_overlay_xpos_mobile\":{\"unit\":\"px\",\"size\":0,\"sizes\":[]},\"background_overlay_ypos\":{\"unit\":\"px\",\"size\":0,\"sizes\":[]},\"background_overlay_ypos_tablet\":{\"unit\":\"px\",\"size\":0,\"sizes\":[]},\"background_overlay_ypos_mobile\":{\"unit\":\"px\",\"size\":0,\"sizes\":[]},\"background_overlay_bg_width\":{\"unit\":\"%\",\"size\":100,\"sizes\":[]},\"background_overlay_bg_width_tablet\":{\"unit\":\"px\",\"size\":\"\",\"sizes\":[]},\"background_overlay_bg_width_mobile\":{\"unit\":\"px\",\"size\":\"\",\"sizes\":[]},\"background_overlay_opacity\":{\"unit\":\"px\",\"size\":0.5,\"sizes\":[]},\"css_filters_blur\":{\"unit\":\"px\",\"size\":0,\"sizes\":[]},\"css_filters_brightness\":{\"unit\":\"px\",\"size\":100,\"sizes\":[]},\"css_filters_contrast\":{\"unit\":\"px\",\"size\":100,\"sizes\":[]},\"css_filters_saturate\":{\"unit\":\"px\",\"size\":100,\"sizes\":[]},\"css_filters_hue\":{\"unit\":\"px\",\"size\":0,\"sizes\":[]},\"background_overlay_hover_color_stop\":{\"unit\":\"%\",\"size\":0,\"sizes\":[]},\"background_overlay_hover_color_b_stop\":{\"unit\":\"%\",\"size\":100,\"sizes\":[]},\"background_overlay_hover_gradient_angle\":{\"unit\":\"deg\",\"size\":180,\"sizes\":[]},\"background_overlay_hover_xpos\":{\"unit\":\"px\",\"size\":0,\"sizes\":[]},\"background_overlay_hover_xpos_tablet\":{\"unit\":\"px\",\"size\":0,\"sizes\":[]},\"background_overlay_hover_xpos_mobile\":{\"unit\":\"px\",\"size\":0,\"sizes\":[]},\"background_overlay_hover_ypos\":{\"unit\":\"px\",\"size\":0,\"sizes\":[]},\"background_overlay_hover_ypos_tablet\":{\"unit\":\"px\",\"size\":0,\"sizes\":[]},\"background_overlay_hover_ypos_mobile\":{\"unit\":\"px\",\"size\":0,\"sizes\":[]},\"background_overlay_hover_bg_width\":{\"unit\":\"%\",\"size\":100,\"sizes\":[]},\"background_overlay_hover_bg_width_tablet\":{\"unit\":\"px\",\"size\":\"\",\"sizes\":[]},\"background_overlay_hover_bg_width_mobile\":{\"unit\":\"px\",\"size\":\"\",\"sizes\":[]},\"background_overlay_hover_opacity\":{\"unit\":\"px\",\"size\":0.5,\"sizes\":[]},\"css_filters_hover_blur\":{\"unit\":\"px\",\"size\":0,\"sizes\":[]},\"css_filters_hover_brightness\":{\"unit\":\"px\",\"size\":100,\"sizes\":[]},\"css_filters_hover_contrast\":{\"unit\":\"px\",\"size\":100,\"sizes\":[]},\"css_filters_hover_saturate\":{\"unit\":\"px\",\"size\":100,\"sizes\":[]},\"css_filters_hover_hue\":{\"unit\":\"px\",\"size\":0,\"sizes\":[]},\"background_overlay_hover_transition\":{\"unit\":\"px\",\"size\":0.3,\"sizes\":[]},\"border_radius\":{\"unit\":\"px\",\"top\":\"10\",\"right\":\"10\",\"bottom\":\"10\",\"left\":\"10\",\"isLinked\":true},\"box_shadow_box_shadow_type\":\"yes\",\"box_shadow_box_shadow\":{\"horizontal\":0,\"vertical\":10,\"blur\":70,\"spread\":-10,\"color\":\"rgba(0,0,0,0.3)\"},\"border_hover_transition\":{\"unit\":\"px\",\"size\":0.3,\"sizes\":[]},\"margin\":{\"unit\":\"px\",\"top\":\"-100\",\"right\":\"0\",\"bottom\":\"0\",\"left\":\"0\",\"isLinked\":false},\"padding\":{\"unit\":\"px\",\"top\":\"25\",\"right\":\"25\",\"bottom\":\"25\",\"left\":\"25\",\"isLinked\":true}},\"elements\":[{\"id\":\"95f00ec\",\"elType\":\"widget\",\"settings\":{\"shortcode\":\"[cartflows_order_details]\",\"_margin\":{\"unit\":\"px\",\"top\":\"15\",\"right\":\"0\",\"bottom\":\"0\",\"left\":\"0\",\"isLinked\":false},\"_background_color_stop\":{\"unit\":\"%\",\"size\":0,\"sizes\":[]},\"_background_color_b_stop\":{\"unit\":\"%\",\"size\":100,\"sizes\":[]},\"_background_gradient_angle\":{\"unit\":\"deg\",\"size\":180,\"sizes\":[]},\"_background_xpos\":{\"unit\":\"px\",\"size\":0,\"sizes\":[]},\"_background_xpos_tablet\":{\"unit\":\"px\",\"size\":0,\"sizes\":[]},\"_background_xpos_mobile\":{\"unit\":\"px\",\"size\":0,\"sizes\":[]},\"_background_ypos\":{\"unit\":\"px\",\"size\":0,\"sizes\":[]},\"_background_ypos_tablet\":{\"unit\":\"px\",\"size\":0,\"sizes\":[]},\"_background_ypos_mobile\":{\"unit\":\"px\",\"size\":0,\"sizes\":[]},\"_background_bg_width\":{\"unit\":\"%\",\"size\":100,\"sizes\":[]},\"_background_bg_width_tablet\":{\"unit\":\"px\",\"size\":\"\",\"sizes\":[]},\"_background_bg_width_mobile\":{\"unit\":\"px\",\"size\":\"\",\"sizes\":[]},\"_background_hover_color_stop\":{\"unit\":\"%\",\"size\":0,\"sizes\":[]},\"_background_hover_color_b_stop\":{\"unit\":\"%\",\"size\":100,\"sizes\":[]},\"_background_hover_gradient_angle\":{\"unit\":\"deg\",\"size\":180,\"sizes\":[]},\"_background_hover_xpos\":{\"unit\":\"px\",\"size\":0,\"sizes\":[]},\"_background_hover_xpos_tablet\":{\"unit\":\"px\",\"size\":0,\"sizes\":[]},\"_background_hover_xpos_mobile\":{\"unit\":\"px\",\"size\":0,\"sizes\":[]},\"_background_hover_ypos\":{\"unit\":\"px\",\"size\":0,\"sizes\":[]},\"_background_hover_ypos_tablet\":{\"unit\":\"px\",\"size\":0,\"sizes\":[]},\"_background_hover_ypos_mobile\":{\"unit\":\"px\",\"size\":0,\"sizes\":[]},\"_background_hover_bg_width\":{\"unit\":\"%\",\"size\":100,\"sizes\":[]},\"_background_hover_bg_width_tablet\":{\"unit\":\"px\",\"size\":\"\",\"sizes\":[]},\"_background_hover_bg_width_mobile\":{\"unit\":\"px\",\"size\":\"\",\"sizes\":[]},\"_background_hover_transition\":{\"unit\":\"px\",\"size\":\"\",\"sizes\":[]},\"_border_hover_transition\":{\"unit\":\"px\",\"size\":\"\",\"sizes\":[]},\"_element_custom_width\":{\"unit\":\"px\",\"size\":\"\",\"sizes\":[]},\"_element_custom_width_tablet\":{\"unit\":\"px\",\"size\":\"\",\"sizes\":[]},\"_element_custom_width_mobile\":{\"unit\":\"px\",\"size\":\"\",\"sizes\":[]},\"_offset_x\":{\"unit\":\"px\",\"size\":\"0\",\"sizes\":[]},\"_offset_x_tablet\":{\"unit\":\"px\",\"size\":\"\",\"sizes\":[]},\"_offset_x_mobile\":{\"unit\":\"px\",\"size\":\"\",\"sizes\":[]},\"_offset_x_end\":{\"unit\":\"px\",\"size\":\"0\",\"sizes\":[]},\"_offset_x_end_tablet\":{\"unit\":\"px\",\"size\":\"\",\"sizes\":[]},\"_offset_x_end_mobile\":{\"unit\":\"px\",\"size\":\"\",\"sizes\":[]},\"_offset_y\":{\"unit\":\"px\",\"size\":\"0\",\"sizes\":[]},\"_offset_y_tablet\":{\"unit\":\"px\",\"size\":\"\",\"sizes\":[]},\"_offset_y_mobile\":{\"unit\":\"px\",\"size\":\"\",\"sizes\":[]},\"_offset_y_end\":{\"unit\":\"px\",\"size\":\"0\",\"sizes\":[]},\"_offset_y_end_tablet\":{\"unit\":\"px\",\"size\":\"\",\"sizes\":[]},\"_offset_y_end_mobile\":{\"unit\":\"px\",\"size\":\"\",\"sizes\":[]}},\"elements\":[],\"widgetType\":\"shortcode\"},{\"id\":\"db83bbc\",\"elType\":\"widget\",\"settings\":{\"title\":\"Follow Us\",\"header_size\":\"h3\",\"align\":\"center\",\"typography_typography\":\"custom\",\"typography_font_family\":\"Lato\",\"typography_font_weight\":\"bold\"},\"elements\":[],\"widgetType\":\"heading\"},{\"id\":\"d2a1dd6\",\"elType\":\"widget\",\"settings\":{\"social_icon_list\":[{\"social\":\"fa fa-facebook\",\"_id\":\"5217fa4\",\"link\":{\"url\":\"#\",\"is_external\":\"\",\"nofollow\":\"\"}},{\"social\":\"fa fa-twitter\",\"_id\":\"43b58d8\",\"link\":{\"url\":\"#\",\"is_external\":\"\",\"nofollow\":\"\"}},{\"social\":\"fa fa-google-plus\",\"_id\":\"53f6d28\",\"link\":{\"url\":\"#\",\"is_external\":\"\",\"nofollow\":\"\"}}],\"shape\":\"square\",\"icon_color\":\"custom\",\"icon_primary_color\":\"#64a0d1\",\"icon_secondary_color\":\"#ffffff\",\"icon_size\":{\"unit\":\"px\",\"size\":16,\"sizes\":[]},\"icon_padding\":{\"unit\":\"em\",\"size\":1,\"sizes\":[]},\"icon_spacing\":{\"unit\":\"px\",\"size\":\"\",\"sizes\":[]},\"hover_primary_color\":\"#2a6493\",\"hover_secondary_color\":\"#ffffff\",\"_margin\":{\"unit\":\"px\",\"top\":\"0\",\"right\":\"0\",\"bottom\":\"20\",\"left\":\"0\",\"isLinked\":false}},\"elements\":[],\"widgetType\":\"social-icons\"}],\"isInner\":false}],\"isInner\":false}]"],"_edit_last":["12"],"_yoast_wpseo_content_score":["30"],"wcf-field-google-font-url":["\/\/fonts.googleapis.com\/css?family="],"wcf-active-tab":["wcf-thankyou-shortcodes"],"wcf-tq-text-color":[""],"wcf-tq-font-family":[""],"wcf-tq-heading-color":[""],"wcf-tq-heading-font-family":[""],"wcf-tq-heading-font-wt":[""],"wcf-tq-container-width":[""],"wcf-tq-section-bg-color":[""],"wcf-tq-advance-options-fields":["no"],"wcf-show-overview-section":["yes"],"wcf-show-details-section":["yes"],"wcf-show-billing-section":["yes"],"wcf-show-shipping-section":["yes"],"wcf-custom-script":[""],"theme-transparent-header-meta":["default"],"_elementor_controls_usage":["a:6:{s:9:\"image-box\";a:3:{s:5:\"count\";i:1;s:15:\"control_percent\";i:5;s:8:\"controls\";a:2:{s:7:\"content\";a:1:{s:13:\"section_image\";a:3:{s:5:\"image\";i:1;s:10:\"title_text\";i:1;s:10:\"title_size\";i:1;}}s:5:\"style\";a:2:{s:19:\"section_style_image\";a:1:{s:11:\"image_space\";i:1;}s:21:\"section_style_content\";a:8:{s:18:\"title_bottom_space\";i:1;s:11:\"title_color\";i:1;s:27:\"title_typography_typography\";i:1;s:28:\"title_typography_font_family\";i:1;s:28:\"title_typography_font_weight\";i:1;s:17:\"description_color\";i:1;s:33:\"description_typography_typography\";i:1;s:34:\"description_typography_font_family\";i:1;}}}}s:6:\"column\";a:3:{s:5:\"count\";i:2;s:15:\"control_percent\";i:3;s:8:\"controls\";a:3:{s:6:\"layout\";a:1:{s:6:\"layout\";a:1:{s:12:\"_inline_size\";i:1;}}s:5:\"style\";a:2:{s:13:\"section_style\";a:2:{s:21:\"background_background\";i:1;s:16:\"background_color\";i:1;}s:14:\"section_border\";a:3:{s:13:\"border_radius\";i:1;s:26:\"box_shadow_box_shadow_type\";i:1;s:21:\"box_shadow_box_shadow\";i:1;}}s:8:\"advanced\";a:1:{s:16:\"section_advanced\";a:2:{s:6:\"margin\";i:1;s:7:\"padding\";i:1;}}}}s:7:\"section\";a:3:{s:5:\"count\";i:2;s:15:\"control_percent\";i:1;s:8:\"controls\";a:3:{s:6:\"layout\";a:1:{s:14:\"section_layout\";a:1:{s:13:\"content_width\";i:2;}}s:5:\"style\";a:2:{s:18:\"section_background\";a:6:{s:21:\"background_background\";i:1;s:16:\"background_image\";i:1;s:19:\"background_position\";i:1;s:21:\"background_attachment\";i:1;s:17:\"background_repeat\";i:1;s:15:\"background_size\";i:1;}s:26:\"section_background_overlay\";a:3:{s:29:\"background_overlay_background\";i:1;s:24:\"background_overlay_color\";i:1;s:26:\"background_overlay_opacity\";i:1;}}s:8:\"advanced\";a:1:{s:16:\"section_advanced\";a:1:{s:7:\"padding\";i:2;}}}}s:9:\"shortcode\";a:3:{s:5:\"count\";i:1;s:15:\"control_percent\";i:1;s:8:\"controls\";a:2:{s:7:\"content\";a:1:{s:17:\"section_shortcode\";a:1:{s:9:\"shortcode\";i:1;}}s:8:\"advanced\";a:1:{s:14:\"_section_style\";a:1:{s:7:\"_margin\";i:1;}}}}s:7:\"heading\";a:3:{s:5:\"count\";i:1;s:15:\"control_percent\";i:3;s:8:\"controls\";a:2:{s:7:\"content\";a:1:{s:13:\"section_title\";a:3:{s:5:\"title\";i:1;s:11:\"header_size\";i:1;s:5:\"align\";i:1;}}s:5:\"style\";a:1:{s:19:\"section_title_style\";a:3:{s:21:\"typography_typography\";i:1;s:22:\"typography_font_family\";i:1;s:22:\"typography_font_weight\";i:1;}}}}s:12:\"social-icons\";a:3:{s:5:\"count\";i:1;s:15:\"control_percent\";i:5;s:8:\"controls\";a:3:{s:7:\"content\";a:1:{s:19:\"section_social_icon\";a:2:{s:16:\"social_icon_list\";i:1;s:5:\"shape\";i:1;}}s:5:\"style\";a:2:{s:20:\"section_social_style\";a:5:{s:10:\"icon_color\";i:1;s:18:\"icon_primary_color\";i:1;s:20:\"icon_secondary_color\";i:1;s:9:\"icon_size\";i:1;s:12:\"icon_padding\";i:1;}s:20:\"section_social_hover\";a:2:{s:19:\"hover_primary_color\";i:1;s:21:\"hover_secondary_color\";i:1;}}s:8:\"advanced\";a:1:{s:14:\"_section_style\";a:1:{s:7:\"_margin\";i:1;}}}}}"]},"post_content":"\u003Ch1\u003EThank you heading\u003C\/h1\u003E\u003Cp\u003ELorem ipsum dolor sit amet, consectetur adipiscing elit. Ut elit tellus, luctus nec ullamcorper mattis, pulvinar dapibus leo.\u003C\/p\u003E\t\t\n\t\t[cartflows_order_details]\t\t\n\t\t\t\u003Ch3\u003EFollow Us\u003C\/h3\u003E\t\t\n\t\t\t\t\t\t\t\u003Ca href=\"#\"\u003E\n\t\t\t\t\tFacebook\n\t\t\t\t\u003C\/a\u003E\n\t\t\t\t\t\t\t\u003Ca href=\"#\"\u003E\n\t\t\t\t\tTwitter\n\t\t\t\t\u003C\/a\u003E\n\t\t\t\t\t\t\t\u003Ca href=\"#\"\u003E\n\t\t\t\t\tGoogle-plus\n\t\t\t\t\u003C\/a\u003E"}]}]