[{"id":"490","field_id":5,"fields":{"0":{"id":"0","type":"name","label":"Your Name ","format":"simple","description":"","required":"1","size":"large","simple_placeholder":"Name","simple_default":"","first_placeholder":"","first_default":"","middle_placeholder":"","middle_default":"","last_placeholder":"","last_default":"","label_hide":"1","css":""},"1":{"id":"1","type":"email","label":"Email","description":"","required":"1","size":"large","placeholder":"Email","confirmation_placeholder":"","label_hide":"1","default_value":"","css":""},"4":{"id":"4","type":"text","label":"Subject","description":"","required":"1","size":"large","placeholder":"Subject","label_hide":"1","limit_count":"1","limit_mode":"characters","default_value":"","css":"","input_mask":""},"2":{"id":"2","type":"textarea","label":"Your Message","description":"","required":"1","size":"medium","placeholder":"Message","label_hide":"1","limit_count":"1","limit_mode":"characters","default_value":"","css":""}},"settings":{"form_title":"Contact Form","form_desc":"","form_class":"","submit_text":"Send Message","submit_text_processing":"Sending...","submit_class":"","honeypot":"1","notification_enable":"1","notifications":{"1":{"email":"{admin_email}","subject":"New Entry: Contact Form","sender_name":"{field_id=\"0\"}","sender_address":"{admin_email}","replyto":"{field_id=\"1\"}","message":"{all_fields}"}},"confirmations":{"1":{"type":"message","message":"\u003Cp\u003EThanks for contacting us! We will be in touch with you shortly.\u003C\/p\u003E","message_scroll":"1","page":"10","redirect":""}}},"meta":{"template":"contact"}}]